state,state_fips,county_name,county_fips,year,market_or_full_value,assessed_value,net_assessed_value,county_taxable_value,school_taxable_value,market_or_full_value_growth_since_2000,assessed_value_growth_since_2000,net_assessed_value_growth_since_2000,county_taxable_value_growth_since_2000,school_taxable_value_growth_since_2000,market_or_full_value_index_2000_100,assessed_value_index_2000_100,net_assessed_value_index_2000_100,county_taxable_value_index_2000_100,school_taxable_value_index_2000_100
CA,06,Alameda,06001,2000,,,,,,,,,,,,,,,
CA,06,Alameda,06001,2001,,,,,,,,,,,,,,,
CA,06,Alameda,06001,2002,,,133872060000.0,133872060000.0,,,,,,,,,,,
CA,06,Alameda,06001,2003,,,,,,,,,,,,,,,
CA,06,Alameda,06001,2004,,,,,,,,,,,,,,,
CA,06,Alameda,06001,2005,,,,,,,,,,,,,,,
CA,06,Alameda,06001,2006,,,,,,,,,,,,,,,
CA,06,Alameda,06001,2007,,,,,,,,,,,,,,,
CA,06,Alameda,06001,2008,,,,,,,,,,,,,,,
CA,06,Alameda,06001,2009,,,,,,,,,,,,,,,
CA,06,Alameda,06001,2010,,,,,,,,,,,,,,,
CA,06,Alameda,06001,2011,,,,,,,,,,,,,,,
CA,06,Alameda,06001,2012,,,,,,,,,,,,,,,
CA,06,Alameda,06001,2013,,,211433788000.0,211433788000.0,,,,,,,,,,,
CA,06,Alameda,06001,2014,,,223929246000.0,223929246000.0,,,,,,,,,,,
CA,06,Alameda,06001,2015,,,241309075000.0,241309075000.0,,,,,,,,,,,
CA,06,Alameda,06001,2016,,,257897972000.0,257897972000.0,,,,,,,,,,,
CA,06,Alameda,06001,2017,,,275007995000.0,275007995000.0,,,,,,,,,,,
CA,06,Alameda,06001,2018,,,294022124000.0,294022124000.0,,,,,,,,,,,
CA,06,Alameda,06001,2019,,,314458232000.0,314458232000.0,,,,,,,,,,,
CA,06,Alameda,06001,2020,,,335744288000.0,335744288000.0,,,,,,,,,,,
CA,06,Alameda,06001,2021,,,351384034000.0,351384034000.0,,,,,,,,,,,
CA,06,Alameda,06001,2022,,,379953532000.0,379953532000.0,,,,,,,,,,,
CA,06,Alpine,06003,2000,,,,,,,,,,,,,,,
CA,06,Alpine,06003,2001,,,,,,,,,,,,,,,
CA,06,Alpine,06003,2002,,,393357000.0,393357000.0,,,,,,,,,,,
CA,06,Alpine,06003,2003,,,,,,,,,,,,,,,
CA,06,Alpine,06003,2004,,,,,,,,,,,,,,,
CA,06,Alpine,06003,2005,,,,,,,,,,,,,,,
CA,06,Alpine,06003,2006,,,,,,,,,,,,,,,
CA,06,Alpine,06003,2007,,,,,,,,,,,,,,,
CA,06,Alpine,06003,2008,,,,,,,,,,,,,,,
CA,06,Alpine,06003,2009,,,,,,,,,,,,,,,
CA,06,Alpine,06003,2010,,,,,,,,,,,,,,,
CA,06,Alpine,06003,2011,,,,,,,,,,,,,,,
CA,06,Alpine,06003,2012,,,,,,,,,,,,,,,
CA,06,Alpine,06003,2013,,,699535000.0,699535000.0,,,,,,,,,,,
CA,06,Alpine,06003,2014,,,703573000.0,703573000.0,,,,,,,,,,,
CA,06,Alpine,06003,2015,,,710378000.0,710378000.0,,,,,,,,,,,
CA,06,Alpine,06003,2016,,,722849000.0,722849000.0,,,,,,,,,,,
CA,06,Alpine,06003,2017,,,731164000.0,731164000.0,,,,,,,,,,,
CA,06,Alpine,06003,2018,,,754634000.0,754634000.0,,,,,,,,,,,
CA,06,Alpine,06003,2019,,,781223000.0,781223000.0,,,,,,,,,,,
CA,06,Alpine,06003,2020,,,803932000.0,803932000.0,,,,,,,,,,,
CA,06,Alpine,06003,2021,,,826749000.0,826749000.0,,,,,,,,,,,
CA,06,Alpine,06003,2022,,,884694000.0,884694000.0,,,,,,,,,,,
CA,06,Amador,06005,2000,,,,,,,,,,,,,,,
CA,06,Amador,06005,2001,,,,,,,,,,,,,,,
CA,06,Amador,06005,2002,,,2764562000.0,2764562000.0,,,,,,,,,,,
CA,06,Amador,06005,2003,,,,,,,,,,,,,,,
CA,06,Amador,06005,2004,,,,,,,,,,,,,,,
CA,06,Amador,06005,2005,,,,,,,,,,,,,,,
CA,06,Amador,06005,2006,,,,,,,,,,,,,,,
CA,06,Amador,06005,2007,,,,,,,,,,,,,,,
CA,06,Amador,06005,2008,,,,,,,,,,,,,,,
CA,06,Amador,06005,2009,,,,,,,,,,,,,,,
CA,06,Amador,06005,2010,,,,,,,,,,,,,,,
CA,06,Amador,06005,2011,,,,,,,,,,,,,,,
CA,06,Amador,06005,2012,,,,,,,,,,,,,,,
CA,06,Amador,06005,2013,,,4468295000.0,4468295000.0,,,,,,,,,,,
CA,06,Amador,06005,2014,,,4585471000.0,4585471000.0,,,,,,,,,,,
CA,06,Amador,06005,2015,,,4740993000.0,4740993000.0,,,,,,,,,,,
CA,06,Amador,06005,2016,,,4923604000.0,4923604000.0,,,,,,,,,,,
CA,06,Amador,06005,2017,,,5145614000.0,5145614000.0,,,,,,,,,,,
CA,06,Amador,06005,2018,,,5375231000.0,5375231000.0,,,,,,,,,,,
CA,06,Amador,06005,2019,,,5605691000.0,5605691000.0,,,,,,,,,,,
CA,06,Amador,06005,2020,,,5825287000.0,5825287000.0,,,,,,,,,,,
CA,06,Amador,06005,2021,,,6102543000.0,6102543000.0,,,,,,,,,,,
CA,06,Amador,06005,2022,,,6521127000.0,6521127000.0,,,,,,,,,,,
CA,06,Butte,06007,2000,,,,,,,,,,,,,,,
CA,06,Butte,06007,2001,,,,,,,,,,,,,,,
CA,06,Butte,06007,2002,,,11873351000.0,11873351000.0,,,,,,,,,,,
CA,06,Butte,06007,2003,,,,,,,,,,,,,,,
CA,06,Butte,06007,2004,,,,,,,,,,,,,,,
CA,06,Butte,06007,2005,,,,,,,,,,,,,,,
CA,06,Butte,06007,2006,,,,,,,,,,,,,,,
CA,06,Butte,06007,2007,,,,,,,,,,,,,,,
CA,06,Butte,06007,2008,,,,,,,,,,,,,,,
CA,06,Butte,06007,2009,,,,,,,,,,,,,,,
CA,06,Butte,06007,2010,,,,,,,,,,,,,,,
CA,06,Butte,06007,2011,,,,,,,,,,,,,,,
CA,06,Butte,06007,2012,,,,,,,,,,,,,,,
CA,06,Butte,06007,2013,,,18790698000.0,18790698000.0,,,,,,,,,,,
CA,06,Butte,06007,2014,,,19433980000.0,19433980000.0,,,,,,,,,,,
CA,06,Butte,06007,2015,,,20378712000.0,20378712000.0,,,,,,,,,,,
CA,06,Butte,06007,2016,,,21178411000.0,21178411000.0,,,,,,,,,,,
CA,06,Butte,06007,2017,,,22349534000.0,22349534000.0,,,,,,,,,,,
CA,06,Butte,06007,2018,,,23551726000.0,23551726000.0,,,,,,,,,,,
CA,06,Butte,06007,2019,,,22836880000.0,22836880000.0,,,,,,,,,,,
CA,06,Butte,06007,2020,,,24181015000.0,24181015000.0,,,,,,,,,,,
CA,06,Butte,06007,2021,,,25216572000.0,25216572000.0,,,,,,,,,,,
CA,06,Butte,06007,2022,,,26995744000.0,26995744000.0,,,,,,,,,,,
CA,06,Calaveras,06009,2000,,,,,,,,,,,,,,,
CA,06,Calaveras,06009,2001,,,,,,,,,,,,,,,
CA,06,Calaveras,06009,2002,,,3921933000.0,3921933000.0,,,,,,,,,,,
CA,06,Calaveras,06009,2003,,,,,,,,,,,,,,,
CA,06,Calaveras,06009,2004,,,,,,,,,,,,,,,
CA,06,Calaveras,06009,2005,,,,,,,,,,,,,,,
CA,06,Calaveras,06009,2006,,,,,,,,,,,,,,,
CA,06,Calaveras,06009,2007,,,,,,,,,,,,,,,
CA,06,Calaveras,06009,2008,,,,,,,,,,,,,,,
CA,06,Calaveras,06009,2009,,,,,,,,,,,,,,,
CA,06,Calaveras,06009,2010,,,,,,,,,,,,,,,
CA,06,Calaveras,06009,2011,,,,,,,,,,,,,,,
CA,06,Calaveras,06009,2012,,,,,,,,,,,,,,,
CA,06,Calaveras,06009,2013,,,5651997000.0,5651997000.0,,,,,,,,,,,
CA,06,Calaveras,06009,2014,,,5998666000.0,5998666000.0,,,,,,,,,,,
CA,06,Calaveras,06009,2015,,,6337441000.0,6337441000.0,,,,,,,,,,,
CA,06,Calaveras,06009,2016,,,6413026000.0,6413026000.0,,,,,,,,,,,
CA,06,Calaveras,06009,2017,,,6927322000.0,6927322000.0,,,,,,,,,,,
CA,06,Calaveras,06009,2018,,,7372041000.0,7372041000.0,,,,,,,,,,,
CA,06,Calaveras,06009,2019,,,7702129000.0,7702129000.0,,,,,,,,,,,
CA,06,Calaveras,06009,2020,,,8129533000.0,8129533000.0,,,,,,,,,,,
CA,06,Calaveras,06009,2021,,,8493429000.0,8493429000.0,,,,,,,,,,,
CA,06,Calaveras,06009,2022,,,9128643000.0,9128643000.0,,,,,,,,,,,
CA,06,Colusa,06011,2000,,,,,,,,,,,,,,,
CA,06,Colusa,06011,2001,,,,,,,,,,,,,,,
CA,06,Colusa,06011,2002,,,1838791000.0,1838791000.0,,,,,,,,,,,
CA,06,Colusa,06011,2003,,,,,,,,,,,,,,,
CA,06,Colusa,06011,2004,,,,,,,,,,,,,,,
CA,06,Colusa,06011,2005,,,,,,,,,,,,,,,
CA,06,Colusa,06011,2006,,,,,,,,,,,,,,,
CA,06,Colusa,06011,2007,,,,,,,,,,,,,,,
CA,06,Colusa,06011,2008,,,,,,,,,,,,,,,
CA,06,Colusa,06011,2009,,,,,,,,,,,,,,,
CA,06,Colusa,06011,2010,,,,,,,,,,,,,,,
CA,06,Colusa,06011,2011,,,,,,,,,,,,,,,
CA,06,Colusa,06011,2012,,,,,,,,,,,,,,,
CA,06,Colusa,06011,2013,,,3499482000.0,3499482000.0,,,,,,,,,,,
CA,06,Colusa,06011,2014,,,3527785000.0,3527785000.0,,,,,,,,,,,
CA,06,Colusa,06011,2015,,,3673998000.0,3673998000.0,,,,,,,,,,,
CA,06,Colusa,06011,2016,,,3873207000.0,3873207000.0,,,,,,,,,,,
CA,06,Colusa,06011,2017,,,4027888000.0,4027888000.0,,,,,,,,,,,
CA,06,Colusa,06011,2018,,,4111977000.0,4111977000.0,,,,,,,,,,,
CA,06,Colusa,06011,2019,,,4313691000.0,4313691000.0,,,,,,,,,,,
CA,06,Colusa,06011,2020,,,4434818000.0,4434818000.0,,,,,,,,,,,
CA,06,Colusa,06011,2021,,,4658632000.0,4658632000.0,,,,,,,,,,,
CA,06,Colusa,06011,2022,,,4869993000.0,4869993000.0,,,,,,,,,,,
CA,06,Contra Costa,06013,2000,,,,,,,,,,,,,,,
CA,06,Contra Costa,06013,2001,,,,,,,,,,,,,,,
CA,06,Contra Costa,06013,2002,,,100874710000.0,100874710000.0,,,,,,,,,,,
CA,06,Contra Costa,06013,2003,,,,,,,,,,,,,,,
CA,06,Contra Costa,06013,2004,,,,,,,,,,,,,,,
CA,06,Contra Costa,06013,2005,,,,,,,,,,,,,,,
CA,06,Contra Costa,06013,2006,,,,,,,,,,,,,,,
CA,06,Contra Costa,06013,2007,,,,,,,,,,,,,,,
CA,06,Contra Costa,06013,2008,,,,,,,,,,,,,,,
CA,06,Contra Costa,06013,2009,,,,,,,,,,,,,,,
CA,06,Contra Costa,06013,2010,,,,,,,,,,,,,,,
CA,06,Contra Costa,06013,2011,,,,,,,,,,,,,,,
CA,06,Contra Costa,06013,2012,,,,,,,,,,,,,,,
CA,06,Contra Costa,06013,2013,,,150247542000.0,150247542000.0,,,,,,,,,,,
CA,06,Contra Costa,06013,2014,,,163654304000.0,163654304000.0,,,,,,,,,,,
CA,06,Contra Costa,06013,2015,,,175617962000.0,175617962000.0,,,,,,,,,,,
CA,06,Contra Costa,06013,2016,,,185969455000.0,185969455000.0,,,,,,,,,,,
CA,06,Contra Costa,06013,2017,,,196486429000.0,196486429000.0,,,,,,,,,,,
CA,06,Contra Costa,06013,2018,,,208674522000.0,208674522000.0,,,,,,,,,,,
CA,06,Contra Costa,06013,2019,,,219350609000.0,219350609000.0,,,,,,,,,,,
CA,06,Contra Costa,06013,2020,,,229845164000.0,229845164000.0,,,,,,,,,,,
CA,06,Contra Costa,06013,2021,,,237879447000.0,237879447000.0,,,,,,,,,,,
CA,06,Contra Costa,06013,2022,,,256412823000.0,256412823000.0,,,,,,,,,,,
CA,06,Del Norte,06015,2000,,,,,,,,,,,,,,,
CA,06,Del Norte,06015,2001,,,,,,,,,,,,,,,
CA,06,Del Norte,06015,2002,,,1156242000.0,1156242000.0,,,,,,,,,,,
CA,06,Del Norte,06015,2003,,,,,,,,,,,,,,,
CA,06,Del Norte,06015,2004,,,,,,,,,,,,,,,
CA,06,Del Norte,06015,2005,,,,,,,,,,,,,,,
CA,06,Del Norte,06015,2006,,,,,,,,,,,,,,,
CA,06,Del Norte,06015,2007,,,,,,,,,,,,,,,
CA,06,Del Norte,06015,2008,,,,,,,,,,,,,,,
CA,06,Del Norte,06015,2009,,,,,,,,,,,,,,,
CA,06,Del Norte,06015,2010,,,,,,,,,,,,,,,
CA,06,Del Norte,06015,2011,,,,,,,,,,,,,,,
CA,06,Del Norte,06015,2012,,,,,,,,,,,,,,,
CA,06,Del Norte,06015,2013,,,1738874000.0,1738874000.0,,,,,,,,,,,
CA,06,Del Norte,06015,2014,,,1737388000.0,1737388000.0,,,,,,,,,,,
CA,06,Del Norte,06015,2015,,,1753304000.0,1753304000.0,,,,,,,,,,,
CA,06,Del Norte,06015,2016,,,1802036000.0,1802036000.0,,,,,,,,,,,
CA,06,Del Norte,06015,2017,,,1843777000.0,1843777000.0,,,,,,,,,,,
CA,06,Del Norte,06015,2018,,,1886974000.0,1886974000.0,,,,,,,,,,,
CA,06,Del Norte,06015,2019,,,1956237000.0,1956237000.0,,,,,,,,,,,
CA,06,Del Norte,06015,2020,,,2063166000.0,2063166000.0,,,,,,,,,,,
CA,06,Del Norte,06015,2021,,,2180479000.0,2180479000.0,,,,,,,,,,,
CA,06,Del Norte,06015,2022,,,2373067000.0,2373067000.0,,,,,,,,,,,
CA,06,El Dorado,06017,2000,,,,,,,,,,,,,,,
CA,06,El Dorado,06017,2001,,,,,,,,,,,,,,,
CA,06,El Dorado,06017,2002,,,15604273000.0,15604273000.0,,,,,,,,,,,
CA,06,El Dorado,06017,2003,,,,,,,,,,,,,,,
CA,06,El Dorado,06017,2004,,,,,,,,,,,,,,,
CA,06,El Dorado,06017,2005,,,,,,,,,,,,,,,
CA,06,El Dorado,06017,2006,,,,,,,,,,,,,,,
CA,06,El Dorado,06017,2007,,,,,,,,,,,,,,,
CA,06,El Dorado,06017,2008,,,,,,,,,,,,,,,
CA,06,El Dorado,06017,2009,,,,,,,,,,,,,,,
CA,06,El Dorado,06017,2010,,,,,,,,,,,,,,,
CA,06,El Dorado,06017,2011,,,,,,,,,,,,,,,
CA,06,El Dorado,06017,2012,,,,,,,,,,,,,,,
CA,06,El Dorado,06017,2013,,,25767188000.0,25767188000.0,,,,,,,,,,,
CA,06,El Dorado,06017,2014,,,26984398000.0,26984398000.0,,,,,,,,,,,
CA,06,El Dorado,06017,2015,,,28506691000.0,28506691000.0,,,,,,,,,,,
CA,06,El Dorado,06017,2016,,,30057479000.0,30057479000.0,,,,,,,,,,,
CA,06,El Dorado,06017,2017,,,31839630000.0,31839630000.0,,,,,,,,,,,
CA,06,El Dorado,06017,2018,,,33789391000.0,33789391000.0,,,,,,,,,,,
CA,06,El Dorado,06017,2019,,,35154239000.0,35154239000.0,,,,,,,,,,,
CA,06,El Dorado,06017,2020,,,36872101000.0,36872101000.0,,,,,,,,,,,
CA,06,El Dorado,06017,2021,,,38558420000.0,38558420000.0,,,,,,,,,,,
CA,06,El Dorado,06017,2022,,,41378183000.0,41378183000.0,,,,,,,,,,,
CA,06,Fresno,06019,2000,,,,,,,,,,,,,,,
CA,06,Fresno,06019,2001,,,,,,,,,,,,,,,
CA,06,Fresno,06019,2002,,,38160731000.0,38160731000.0,,,,,,,,,,,
CA,06,Fresno,06019,2003,,,,,,,,,,,,,,,
CA,06,Fresno,06019,2004,,,,,,,,,,,,,,,
CA,06,Fresno,06019,2005,,,,,,,,,,,,,,,
CA,06,Fresno,06019,2006,,,,,,,,,,,,,,,
CA,06,Fresno,06019,2007,,,,,,,,,,,,,,,
CA,06,Fresno,06019,2008,,,,,,,,,,,,,,,
CA,06,Fresno,06019,2009,,,,,,,,,,,,,,,
CA,06,Fresno,06019,2010,,,,,,,,,,,,,,,
CA,06,Fresno,06019,2011,,,,,,,,,,,,,,,
CA,06,Fresno,06019,2012,,,,,,,,,,,,,,,
CA,06,Fresno,06019,2013,,,64551942000.0,64551942000.0,,,,,,,,,,,
CA,06,Fresno,06019,2014,,,68250733000.0,68250733000.0,,,,,,,,,,,
CA,06,Fresno,06019,2015,,,71088391000.0,71088391000.0,,,,,,,,,,,
CA,06,Fresno,06019,2016,,,74433857000.0,74433857000.0,,,,,,,,,,,
CA,06,Fresno,06019,2017,,,78383014000.0,78383014000.0,,,,,,,,,,,
CA,06,Fresno,06019,2018,,,82396591000.0,82396591000.0,,,,,,,,,,,
CA,06,Fresno,06019,2019,,,86787894000.0,86787894000.0,,,,,,,,,,,
CA,06,Fresno,06019,2020,,,91363856000.0,91363856000.0,,,,,,,,,,,
CA,06,Fresno,06019,2021,,,95331942000.0,95331942000.0,,,,,,,,,,,
CA,06,Fresno,06019,2022,,,103214604000.0,103214604000.0,,,,,,,,,,,
CA,06,Glenn,06021,2000,,,,,,,,,,,,,,,
CA,06,Glenn,06021,2001,,,,,,,,,,,,,,,
CA,06,Glenn,06021,2002,,,1659599000.0,1659599000.0,,,,,,,,,,,
CA,06,Glenn,06021,2003,,,,,,,,,,,,,,,
CA,06,Glenn,06021,2004,,,,,,,,,,,,,,,
CA,06,Glenn,06021,2005,,,,,,,,,,,,,,,
CA,06,Glenn,06021,2006,,,,,,,,,,,,,,,
CA,06,Glenn,06021,2007,,,,,,,,,,,,,,,
CA,06,Glenn,06021,2008,,,,,,,,,,,,,,,
CA,06,Glenn,06021,2009,,,,,,,,,,,,,,,
CA,06,Glenn,06021,2010,,,,,,,,,,,,,,,
CA,06,Glenn,06021,2011,,,,,,,,,,,,,,,
CA,06,Glenn,06021,2012,,,,,,,,,,,,,,,
CA,06,Glenn,06021,2013,,,2704318000.0,2704318000.0,,,,,,,,,,,
CA,06,Glenn,06021,2014,,,2774998000.0,2774998000.0,,,,,,,,,,,
CA,06,Glenn,06021,2015,,,2957463000.0,2957463000.0,,,,,,,,,,,
CA,06,Glenn,06021,2016,,,3068024000.0,3068024000.0,,,,,,,,,,,
CA,06,Glenn,06021,2017,,,3183760000.0,3183760000.0,,,,,,,,,,,
CA,06,Glenn,06021,2018,,,3336227000.0,3336227000.0,,,,,,,,,,,
CA,06,Glenn,06021,2019,,,3654989000.0,3654989000.0,,,,,,,,,,,
CA,06,Glenn,06021,2020,,,3878725000.0,3878725000.0,,,,,,,,,,,
CA,06,Glenn,06021,2021,,,4043227000.0,4043227000.0,,,,,,,,,,,
CA,06,Glenn,06021,2022,,,4341625000.0,4341625000.0,,,,,,,,,,,
CA,06,Humboldt,06023,2000,,,,,,,,,,,,,,,
CA,06,Humboldt,06023,2001,,,,,,,,,,,,,,,
CA,06,Humboldt,06023,2002,,,6997526000.0,6997526000.0,,,,,,,,,,,
CA,06,Humboldt,06023,2003,,,,,,,,,,,,,,,
CA,06,Humboldt,06023,2004,,,,,,,,,,,,,,,
CA,06,Humboldt,06023,2005,,,,,,,,,,,,,,,
CA,06,Humboldt,06023,2006,,,,,,,,,,,,,,,
CA,06,Humboldt,06023,2007,,,,,,,,,,,,,,,
CA,06,Humboldt,06023,2008,,,,,,,,,,,,,,,
CA,06,Humboldt,06023,2009,,,,,,,,,,,,,,,
CA,06,Humboldt,06023,2010,,,,,,,,,,,,,,,
CA,06,Humboldt,06023,2011,,,,,,,,,,,,,,,
CA,06,Humboldt,06023,2012,,,,,,,,,,,,,,,
CA,06,Humboldt,06023,2013,,,11825236000.0,11825236000.0,,,,,,,,,,,
CA,06,Humboldt,06023,2014,,,12063384000.0,12063384000.0,,,,,,,,,,,
CA,06,Humboldt,06023,2015,,,12487456000.0,12487456000.0,,,,,,,,,,,
CA,06,Humboldt,06023,2016,,,12840299000.0,12840299000.0,,,,,,,,,,,
CA,06,Humboldt,06023,2017,,,13417978000.0,13417978000.0,,,,,,,,,,,
CA,06,Humboldt,06023,2018,,,14045401000.0,14045401000.0,,,,,,,,,,,
CA,06,Humboldt,06023,2019,,,14652059000.0,14652059000.0,,,,,,,,,,,
CA,06,Humboldt,06023,2020,,,15293820000.0,15293820000.0,,,,,,,,,,,
CA,06,Humboldt,06023,2021,,,15828976000.0,15828976000.0,,,,,,,,,,,
CA,06,Humboldt,06023,2022,,,16582964000.0,16582964000.0,,,,,,,,,,,
CA,06,Imperial,06025,2000,,,,,,,,,,,,,,,
CA,06,Imperial,06025,2001,,,,,,,,,,,,,,,
CA,06,Imperial,06025,2002,,,6696272000.0,6696272000.0,,,,,,,,,,,
CA,06,Imperial,06025,2003,,,,,,,,,,,,,,,
CA,06,Imperial,06025,2004,,,,,,,,,,,,,,,
CA,06,Imperial,06025,2005,,,,,,,,,,,,,,,
CA,06,Imperial,06025,2006,,,,,,,,,,,,,,,
CA,06,Imperial,06025,2007,,,,,,,,,,,,,,,
CA,06,Imperial,06025,2008,,,,,,,,,,,,,,,
CA,06,Imperial,06025,2009,,,,,,,,,,,,,,,
CA,06,Imperial,06025,2010,,,,,,,,,,,,,,,
CA,06,Imperial,06025,2011,,,,,,,,,,,,,,,
CA,06,Imperial,06025,2012,,,,,,,,,,,,,,,
CA,06,Imperial,06025,2013,,,11352915000.0,11352915000.0,,,,,,,,,,,
CA,06,Imperial,06025,2014,,,11768889000.0,11768889000.0,,,,,,,,,,,
CA,06,Imperial,06025,2015,,,12520325000.0,12520325000.0,,,,,,,,,,,
CA,06,Imperial,06025,2016,,,12807550000.0,12807550000.0,,,,,,,,,,,
CA,06,Imperial,06025,2017,,,13099622000.0,13099622000.0,,,,,,,,,,,
CA,06,Imperial,06025,2018,,,13599651000.0,13599651000.0,,,,,,,,,,,
CA,06,Imperial,06025,2019,,,14193242000.0,14193242000.0,,,,,,,,,,,
CA,06,Imperial,06025,2020,,,14636623000.0,14636623000.0,,,,,,,,,,,
CA,06,Imperial,06025,2021,,,14970106000.0,14970106000.0,,,,,,,,,,,
CA,06,Imperial,06025,2022,,,15799670000.0,15799670000.0,,,,,,,,,,,
CA,06,Inyo,06027,2000,,,,,,,,,,,,,,,
CA,06,Inyo,06027,2001,,,,,,,,,,,,,,,
CA,06,Inyo,06027,2002,,,2714027000.0,2714027000.0,,,,,,,,,,,
CA,06,Inyo,06027,2003,,,,,,,,,,,,,,,
CA,06,Inyo,06027,2004,,,,,,,,,,,,,,,
CA,06,Inyo,06027,2005,,,,,,,,,,,,,,,
CA,06,Inyo,06027,2006,,,,,,,,,,,,,,,
CA,06,Inyo,06027,2007,,,,,,,,,,,,,,,
CA,06,Inyo,06027,2008,,,,,,,,,,,,,,,
CA,06,Inyo,06027,2009,,,,,,,,,,,,,,,
CA,06,Inyo,06027,2010,,,,,,,,,,,,,,,
CA,06,Inyo,06027,2011,,,,,,,,,,,,,,,
CA,06,Inyo,06027,2012,,,,,,,,,,,,,,,
CA,06,Inyo,06027,2013,,,3873441000.0,3873441000.0,,,,,,,,,,,
CA,06,Inyo,06027,2014,,,3971631000.0,3971631000.0,,,,,,,,,,,
CA,06,Inyo,06027,2015,,,4142668000.0,4142668000.0,,,,,,,,,,,
CA,06,Inyo,06027,2016,,,4239472000.0,4239472000.0,,,,,,,,,,,
CA,06,Inyo,06027,2017,,,4351780000.0,4351780000.0,,,,,,,,,,,
CA,06,Inyo,06027,2018,,,4666564000.0,4666564000.0,,,,,,,,,,,
CA,06,Inyo,06027,2019,,,4784550000.0,4784550000.0,,,,,,,,,,,
CA,06,Inyo,06027,2020,,,5071187000.0,5071187000.0,,,,,,,,,,,
CA,06,Inyo,06027,2021,,,5181618000.0,5181618000.0,,,,,,,,,,,
CA,06,Inyo,06027,2022,,,5630036000.0,5630036000.0,,,,,,,,,,,
CA,06,Kern,06029,2000,,,,,,,,,,,,,,,
CA,06,Kern,06029,2001,,,,,,,,,,,,,,,
CA,06,Kern,06029,2002,,,45002417000.0,45002417000.0,,,,,,,,,,,
CA,06,Kern,06029,2003,,,,,,,,,,,,,,,
CA,06,Kern,06029,2004,,,,,,,,,,,,,,,
CA,06,Kern,06029,2005,,,,,,,,,,,,,,,
CA,06,Kern,06029,2006,,,,,,,,,,,,,,,
CA,06,Kern,06029,2007,,,,,,,,,,,,,,,
CA,06,Kern,06029,2008,,,,,,,,,,,,,,,
CA,06,Kern,06029,2009,,,,,,,,,,,,,,,
CA,06,Kern,06029,2010,,,,,,,,,,,,,,,
CA,06,Kern,06029,2011,,,,,,,,,,,,,,,
CA,06,Kern,06029,2012,,,,,,,,,,,,,,,
CA,06,Kern,06029,2013,,,93003758000.0,93003758000.0,,,,,,,,,,,
CA,06,Kern,06029,2014,,,98507255000.0,98507255000.0,,,,,,,,,,,
CA,06,Kern,06029,2015,,,89992150000.0,89992150000.0,,,,,,,,,,,
CA,06,Kern,06029,2016,,,86166663000.0,86166663000.0,,,,,,,,,,,
CA,06,Kern,06029,2017,,,91480852000.0,91480852000.0,,,,,,,,,,,
CA,06,Kern,06029,2018,,,95391611000.0,95391611000.0,,,,,,,,,,,
CA,06,Kern,06029,2019,,,99458655000.0,99458655000.0,,,,,,,,,,,
CA,06,Kern,06029,2020,,,102577754000.0,102577754000.0,,,,,,,,,,,
CA,06,Kern,06029,2021,,,103667570000.0,103667570000.0,,,,,,,,,,,
CA,06,Kern,06029,2022,,,115487563000.0,115487563000.0,,,,,,,,,,,
CA,06,Kings,06031,2000,,,,,,,,,,,,,,,
CA,06,Kings,06031,2001,,,,,,,,,,,,,,,
CA,06,Kings,06031,2002,,,4924729000.0,4924729000.0,,,,,,,,,,,
CA,06,Kings,06031,2003,,,,,,,,,,,,,,,
CA,06,Kings,06031,2004,,,,,,,,,,,,,,,
CA,06,Kings,06031,2005,,,,,,,,,,,,,,,
CA,06,Kings,06031,2006,,,,,,,,,,,,,,,
CA,06,Kings,06031,2007,,,,,,,,,,,,,,,
CA,06,Kings,06031,2008,,,,,,,,,,,,,,,
CA,06,Kings,06031,2009,,,,,,,,,,,,,,,
CA,06,Kings,06031,2010,,,,,,,,,,,,,,,
CA,06,Kings,06031,2011,,,,,,,,,,,,,,,
CA,06,Kings,06031,2012,,,,,,,,,,,,,,,
CA,06,Kings,06031,2013,,,9469361000.0,9469361000.0,,,,,,,,,,,
CA,06,Kings,06031,2014,,,9576159000.0,9576159000.0,,,,,,,,,,,
CA,06,Kings,06031,2015,,,10033718000.0,10033718000.0,,,,,,,,,,,
CA,06,Kings,06031,2016,,,10555809000.0,10555809000.0,,,,,,,,,,,
CA,06,Kings,06031,2017,,,10907813000.0,10907813000.0,,,,,,,,,,,
CA,06,Kings,06031,2018,,,11271671000.0,11271671000.0,,,,,,,,,,,
CA,06,Kings,06031,2019,,,11895666000.0,11895666000.0,,,,,,,,,,,
CA,06,Kings,06031,2020,,,12523351000.0,12523351000.0,,,,,,,,,,,
CA,06,Kings,06031,2021,,,13089565000.0,13089565000.0,,,,,,,,,,,
CA,06,Kings,06031,2022,,,13697358000.0,13697358000.0,,,,,,,,,,,
CA,06,Lake,06033,2000,,,,,,,,,,,,,,,
CA,06,Lake,06033,2001,,,,,,,,,,,,,,,
CA,06,Lake,06033,2002,,,4008200000.0,4008200000.0,,,,,,,,,,,
CA,06,Lake,06033,2003,,,,,,,,,,,,,,,
CA,06,Lake,06033,2004,,,,,,,,,,,,,,,
CA,06,Lake,06033,2005,,,,,,,,,,,,,,,
CA,06,Lake,06033,2006,,,,,,,,,,,,,,,
CA,06,Lake,06033,2007,,,,,,,,,,,,,,,
CA,06,Lake,06033,2008,,,,,,,,,,,,,,,
CA,06,Lake,06033,2009,,,,,,,,,,,,,,,
CA,06,Lake,06033,2010,,,,,,,,,,,,,,,
CA,06,Lake,06033,2011,,,,,,,,,,,,,,,
CA,06,Lake,06033,2012,,,,,,,,,,,,,,,
CA,06,Lake,06033,2013,,,6790559000.0,6790559000.0,,,,,,,,,,,
CA,06,Lake,06033,2014,,,6764938000.0,6764938000.0,,,,,,,,,,,
CA,06,Lake,06033,2015,,,6835712000.0,6835712000.0,,,,,,,,,,,
CA,06,Lake,06033,2016,,,6767919000.0,6767919000.0,,,,,,,,,,,
CA,06,Lake,06033,2017,,,7010115000.0,7010115000.0,,,,,,,,,,,
CA,06,Lake,06033,2018,,,7241509000.0,7241509000.0,,,,,,,,,,,
CA,06,Lake,06033,2019,,,7627525000.0,7627525000.0,,,,,,,,,,,
CA,06,Lake,06033,2020,,,7814805000.0,7814805000.0,,,,,,,,,,,
CA,06,Lake,06033,2021,,,8210161000.0,8210161000.0,,,,,,,,,,,
CA,06,Lake,06033,2022,,,9143469000.0,9143469000.0,,,,,,,,,,,
CA,06,Lassen,06035,2000,,,,,,,,,,,,,,,
CA,06,Lassen,06035,2001,,,,,,,,,,,,,,,
CA,06,Lassen,06035,2002,,,1567240000.0,1567240000.0,,,,,,,,,,,
CA,06,Lassen,06035,2003,,,,,,,,,,,,,,,
CA,06,Lassen,06035,2004,,,,,,,,,,,,,,,
CA,06,Lassen,06035,2005,,,,,,,,,,,,,,,
CA,06,Lassen,06035,2006,,,,,,,,,,,,,,,
CA,06,Lassen,06035,2007,,,,,,,,,,,,,,,
CA,06,Lassen,06035,2008,,,,,,,,,,,,,,,
CA,06,Lassen,06035,2009,,,,,,,,,,,,,,,
CA,06,Lassen,06035,2010,,,,,,,,,,,,,,,
CA,06,Lassen,06035,2011,,,,,,,,,,,,,,,
CA,06,Lassen,06035,2012,,,,,,,,,,,,,,,
CA,06,Lassen,06035,2013,,,2124320000.0,2124320000.0,,,,,,,,,,,
CA,06,Lassen,06035,2014,,,2133120000.0,2133120000.0,,,,,,,,,,,
CA,06,Lassen,06035,2015,,,2181076000.0,2181076000.0,,,,,,,,,,,
CA,06,Lassen,06035,2016,,,2240579000.0,2240579000.0,,,,,,,,,,,
CA,06,Lassen,06035,2017,,,2315384000.0,2315384000.0,,,,,,,,,,,
CA,06,Lassen,06035,2018,,,2378560000.0,2378560000.0,,,,,,,,,,,
CA,06,Lassen,06035,2019,,,2484826000.0,2484826000.0,,,,,,,,,,,
CA,06,Lassen,06035,2020,,,2546164000.0,2546164000.0,,,,,,,,,,,
CA,06,Lassen,06035,2021,,,2732980000.0,2732980000.0,,,,,,,,,,,
CA,06,Lassen,06035,2022,,,2747493000.0,2747493000.0,,,,,,,,,,,
CA,06,Los Angeles,06037,2000,,,,,,,,,,,,,,,
CA,06,Los Angeles,06037,2001,,,,,,,,,,,,,,,
CA,06,Los Angeles,06037,2002,,,668206758000.0,668206758000.0,,,,,,,,,,,
CA,06,Los Angeles,06037,2003,,,,,,,,,,,,,,,
CA,06,Los Angeles,06037,2004,,,,,,,,,,,,,,,
CA,06,Los Angeles,06037,2005,,,,,,,,,,,,,,,
CA,06,Los Angeles,06037,2006,,,,,,,,,,,,,,,
CA,06,Los Angeles,06037,2007,,,,,,,,,,,,,,,
CA,06,Los Angeles,06037,2008,,,,,,,,,,,,,,,
CA,06,Los Angeles,06037,2009,,,,,,,,,,,,,,,
CA,06,Los Angeles,06037,2010,,,,,,,,,,,,,,,
CA,06,Los Angeles,06037,2011,,,,,,,,,,,,,,,
CA,06,Los Angeles,06037,2012,,,,,,,,,,,,,,,
CA,06,Los Angeles,06037,2013,,,1153118015000.0,1153118015000.0,,,,,,,,,,,
CA,06,Los Angeles,06037,2014,,,1215596524000.0,1215596524000.0,,,,,,,,,,,
CA,06,Los Angeles,06037,2015,,,1290133105000.0,1290133105000.0,,,,,,,,,,,
CA,06,Los Angeles,06037,2016,,,1361956007000.0,1361956007000.0,,,,,,,,,,,
CA,06,Los Angeles,06037,2017,,,1442766607000.0,1442766607000.0,,,,,,,,,,,
CA,06,Los Angeles,06037,2018,,,1537141253000.0,1537141253000.0,,,,,,,,,,,
CA,06,Los Angeles,06037,2019,,,1632701705000.0,1632701705000.0,,,,,,,,,,,
CA,06,Los Angeles,06037,2020,,,1731120391000.0,1731120391000.0,,,,,,,,,,,
CA,06,Los Angeles,06037,2021,,,1792680706000.0,1792680706000.0,,,,,,,,,,,
CA,06,Los Angeles,06037,2022,,,1918068687000.0,1918068687000.0,,,,,,,,,,,
CA,06,Madera,06039,2000,,,,,,,,,,,,,,,
CA,06,Madera,06039,2001,,,,,,,,,,,,,,,
CA,06,Madera,06039,2002,,,6707502000.0,6707502000.0,,,,,,,,,,,
CA,06,Madera,06039,2003,,,,,,,,,,,,,,,
CA,06,Madera,06039,2004,,,,,,,,,,,,,,,
CA,06,Madera,06039,2005,,,,,,,,,,,,,,,
CA,06,Madera,06039,2006,,,,,,,,,,,,,,,
CA,06,Madera,06039,2007,,,,,,,,,,,,,,,
CA,06,Madera,06039,2008,,,,,,,,,,,,,,,
CA,06,Madera,06039,2009,,,,,,,,,,,,,,,
CA,06,Madera,06039,2010,,,,,,,,,,,,,,,
CA,06,Madera,06039,2011,,,,,,,,,,,,,,,
CA,06,Madera,06039,2012,,,,,,,,,,,,,,,
CA,06,Madera,06039,2013,,,11771768000.0,11771768000.0,,,,,,,,,,,
CA,06,Madera,06039,2014,,,12413828000.0,12413828000.0,,,,,,,,,,,
CA,06,Madera,06039,2015,,,13115003000.0,13115003000.0,,,,,,,,,,,
CA,06,Madera,06039,2016,,,13742590000.0,13742590000.0,,,,,,,,,,,
CA,06,Madera,06039,2017,,,14314739000.0,14314739000.0,,,,,,,,,,,
CA,06,Madera,06039,2018,,,15034008000.0,15034008000.0,,,,,,,,,,,
CA,06,Madera,06039,2019,,,15823628000.0,15823628000.0,,,,,,,,,,,
CA,06,Madera,06039,2020,,,16742916000.0,16742916000.0,,,,,,,,,,,
CA,06,Madera,06039,2021,,,17633451000.0,17633451000.0,,,,,,,,,,,
CA,06,Madera,06039,2022,,,18932191000.0,18932191000.0,,,,,,,,,,,
CA,06,Marin,06041,2000,,,,,,,,,,,,,,,
CA,06,Marin,06041,2001,,,,,,,,,,,,,,,
CA,06,Marin,06041,2002,,,36910848000.0,36910848000.0,,,,,,,,,,,
CA,06,Marin,06041,2003,,,,,,,,,,,,,,,
CA,06,Marin,06041,2004,,,,,,,,,,,,,,,
CA,06,Marin,06041,2005,,,,,,,,,,,,,,,
CA,06,Marin,06041,2006,,,,,,,,,,,,,,,
CA,06,Marin,06041,2007,,,,,,,,,,,,,,,
CA,06,Marin,06041,2008,,,,,,,,,,,,,,,
CA,06,Marin,06041,2009,,,,,,,,,,,,,,,
CA,06,Marin,06041,2010,,,,,,,,,,,,,,,
CA,06,Marin,06041,2011,,,,,,,,,,,,,,,
CA,06,Marin,06041,2012,,,,,,,,,,,,,,,
CA,06,Marin,06041,2013,,,59248988000.0,59248988000.0,,,,,,,,,,,
CA,06,Marin,06041,2014,,,62697660000.0,62697660000.0,,,,,,,,,,,
CA,06,Marin,06041,2015,,,67141144000.0,67141144000.0,,,,,,,,,,,
CA,06,Marin,06041,2016,,,71365342000.0,71365342000.0,,,,,,,,,,,
CA,06,Marin,06041,2017,,,75135090000.0,75135090000.0,,,,,,,,,,,
CA,06,Marin,06041,2018,,,79182030000.0,79182030000.0,,,,,,,,,,,
CA,06,Marin,06041,2019,,,83143500000.0,83143500000.0,,,,,,,,,,,
CA,06,Marin,06041,2020,,,86987553000.0,86987553000.0,,,,,,,,,,,
CA,06,Marin,06041,2021,,,90477056000.0,90477056000.0,,,,,,,,,,,
CA,06,Marin,06041,2022,,,96408298000.0,96408298000.0,,,,,,,,,,,
CA,06,Mariposa,06043,2000,,,,,,,,,,,,,,,
CA,06,Mariposa,06043,2001,,,,,,,,,,,,,,,
CA,06,Mariposa,06043,2002,,,1316356000.0,1316356000.0,,,,,,,,,,,
CA,06,Mariposa,06043,2003,,,,,,,,,,,,,,,
CA,06,Mariposa,06043,2004,,,,,,,,,,,,,,,
CA,06,Mariposa,06043,2005,,,,,,,,,,,,,,,
CA,06,Mariposa,06043,2006,,,,,,,,,,,,,,,
CA,06,Mariposa,06043,2007,,,,,,,,,,,,,,,
CA,06,Mariposa,06043,2008,,,,,,,,,,,,,,,
CA,06,Mariposa,06043,2009,,,,,,,,,,,,,,,
CA,06,Mariposa,06043,2010,,,,,,,,,,,,,,,
CA,06,Mariposa,06043,2011,,,,,,,,,,,,,,,
CA,06,Mariposa,06043,2012,,,,,,,,,,,,,,,
CA,06,Mariposa,06043,2013,,,2092625000.0,2092625000.0,,,,,,,,,,,
CA,06,Mariposa,06043,2014,,,2107569000.0,2107569000.0,,,,,,,,,,,
CA,06,Mariposa,06043,2015,,,2155452000.0,2155452000.0,,,,,,,,,,,
CA,06,Mariposa,06043,2016,,,2221691000.0,2221691000.0,,,,,,,,,,,
CA,06,Mariposa,06043,2017,,,2364842000.0,2364842000.0,,,,,,,,,,,
CA,06,Mariposa,06043,2018,,,2451891000.0,2451891000.0,,,,,,,,,,,
CA,06,Mariposa,06043,2019,,,2558729000.0,2558729000.0,,,,,,,,,,,
CA,06,Mariposa,06043,2020,,,2700926000.0,2700926000.0,,,,,,,,,,,
CA,06,Mariposa,06043,2021,,,2787254000.0,2787254000.0,,,,,,,,,,,
CA,06,Mariposa,06043,2022,,,2970858000.0,2970858000.0,,,,,,,,,,,
CA,06,Mendocino,06045,2000,,,,,,,,,,,,,,,
CA,06,Mendocino,06045,2001,,,,,,,,,,,,,,,
CA,06,Mendocino,06045,2002,,,6524354000.0,6524354000.0,,,,,,,,,,,
CA,06,Mendocino,06045,2003,,,,,,,,,,,,,,,
CA,06,Mendocino,06045,2004,,,,,,,,,,,,,,,
CA,06,Mendocino,06045,2005,,,,,,,,,,,,,,,
CA,06,Mendocino,06045,2006,,,,,,,,,,,,,,,
CA,06,Mendocino,06045,2007,,,,,,,,,,,,,,,
CA,06,Mendocino,06045,2008,,,,,,,,,,,,,,,
CA,06,Mendocino,06045,2009,,,,,,,,,,,,,,,
CA,06,Mendocino,06045,2010,,,,,,,,,,,,,,,
CA,06,Mendocino,06045,2011,,,,,,,,,,,,,,,
CA,06,Mendocino,06045,2012,,,,,,,,,,,,,,,
CA,06,Mendocino,06045,2013,,,10308691000.0,10308691000.0,,,,,,,,,,,
CA,06,Mendocino,06045,2014,,,10493215000.0,10493215000.0,,,,,,,,,,,
CA,06,Mendocino,06045,2015,,,10862209000.0,10862209000.0,,,,,,,,,,,
CA,06,Mendocino,06045,2016,,,11241817000.0,11241817000.0,,,,,,,,,,,
CA,06,Mendocino,06045,2017,,,11682505000.0,11682505000.0,,,,,,,,,,,
CA,06,Mendocino,06045,2018,,,12160983000.0,12160983000.0,,,,,,,,,,,
CA,06,Mendocino,06045,2019,,,12512563000.0,12512563000.0,,,,,,,,,,,
CA,06,Mendocino,06045,2020,,,12967044000.0,12967044000.0,,,,,,,,,,,
CA,06,Mendocino,06045,2021,,,13533868000.0,13533868000.0,,,,,,,,,,,
CA,06,Mendocino,06045,2022,,,13960431000.0,13960431000.0,,,,,,,,,,,
CA,06,Merced,06047,2000,,,,,,,,,,,,,,,
CA,06,Merced,06047,2001,,,,,,,,,,,,,,,
CA,06,Merced,06047,2002,,,11066533000.0,11066533000.0,,,,,,,,,,,
CA,06,Merced,06047,2003,,,,,,,,,,,,,,,
CA,06,Merced,06047,2004,,,,,,,,,,,,,,,
CA,06,Merced,06047,2005,,,,,,,,,,,,,,,
CA,06,Merced,06047,2006,,,,,,,,,,,,,,,
CA,06,Merced,06047,2007,,,,,,,,,,,,,,,
CA,06,Merced,06047,2008,,,,,,,,,,,,,,,
CA,06,Merced,06047,2009,,,,,,,,,,,,,,,
CA,06,Merced,06047,2010,,,,,,,,,,,,,,,
CA,06,Merced,06047,2011,,,,,,,,,,,,,,,
CA,06,Merced,06047,2012,,,,,,,,,,,,,,,
CA,06,Merced,06047,2013,,,17736766000.0,17736766000.0,,,,,,,,,,,
CA,06,Merced,06047,2014,,,19390866000.0,19390866000.0,,,,,,,,,,,
CA,06,Merced,06047,2015,,,21026330000.0,21026330000.0,,,,,,,,,,,
CA,06,Merced,06047,2016,,,22075098000.0,22075098000.0,,,,,,,,,,,
CA,06,Merced,06047,2017,,,23369440000.0,23369440000.0,,,,,,,,,,,
CA,06,Merced,06047,2018,,,24783160000.0,24783160000.0,,,,,,,,,,,
CA,06,Merced,06047,2019,,,26494526000.0,26494526000.0,,,,,,,,,,,
CA,06,Merced,06047,2020,,,27998848000.0,27998848000.0,,,,,,,,,,,
CA,06,Merced,06047,2021,,,29485158000.0,29485158000.0,,,,,,,,,,,
CA,06,Merced,06047,2022,,,32145581000.0,32145581000.0,,,,,,,,,,,
CA,06,Modoc,06049,2000,,,,,,,,,,,,,,,
CA,06,Modoc,06049,2001,,,,,,,,,,,,,,,
CA,06,Modoc,06049,2002,,,780691000.0,780691000.0,,,,,,,,,,,
CA,06,Modoc,06049,2003,,,,,,,,,,,,,,,
CA,06,Modoc,06049,2004,,,,,,,,,,,,,,,
CA,06,Modoc,06049,2005,,,,,,,,,,,,,,,
CA,06,Modoc,06049,2006,,,,,,,,,,,,,,,
CA,06,Modoc,06049,2007,,,,,,,,,,,,,,,
CA,06,Modoc,06049,2008,,,,,,,,,,,,,,,
CA,06,Modoc,06049,2009,,,,,,,,,,,,,,,
CA,06,Modoc,06049,2010,,,,,,,,,,,,,,,
CA,06,Modoc,06049,2011,,,,,,,,,,,,,,,
CA,06,Modoc,06049,2012,,,,,,,,,,,,,,,
CA,06,Modoc,06049,2013,,,1054833000.0,1054833000.0,,,,,,,,,,,
CA,06,Modoc,06049,2014,,,1063134000.0,1063134000.0,,,,,,,,,,,
CA,06,Modoc,06049,2015,,,1070285000.0,1070285000.0,,,,,,,,,,,
CA,06,Modoc,06049,2016,,,1116594000.0,1116594000.0,,,,,,,,,,,
CA,06,Modoc,06049,2017,,,1127328000.0,1127328000.0,,,,,,,,,,,
CA,06,Modoc,06049,2018,,,1165614000.0,1165614000.0,,,,,,,,,,,
CA,06,Modoc,06049,2019,,,1189769000.0,1189769000.0,,,,,,,,,,,
CA,06,Modoc,06049,2020,,,1210464000.0,1210464000.0,,,,,,,,,,,
CA,06,Modoc,06049,2021,,,1279796000.0,1279796000.0,,,,,,,,,,,
CA,06,Modoc,06049,2022,,,1342360000.0,1342360000.0,,,,,,,,,,,
CA,06,Mono,06051,2000,,,,,,,,,,,,,,,
CA,06,Mono,06051,2001,,,,,,,,,,,,,,,
CA,06,Mono,06051,2002,,,2749448000.0,2749448000.0,,,,,,,,,,,
CA,06,Mono,06051,2003,,,,,,,,,,,,,,,
CA,06,Mono,06051,2004,,,,,,,,,,,,,,,
CA,06,Mono,06051,2005,,,,,,,,,,,,,,,
CA,06,Mono,06051,2006,,,,,,,,,,,,,,,
CA,06,Mono,06051,2007,,,,,,,,,,,,,,,
CA,06,Mono,06051,2008,,,,,,,,,,,,,,,
CA,06,Mono,06051,2009,,,,,,,,,,,,,,,
CA,06,Mono,06051,2010,,,,,,,,,,,,,,,
CA,06,Mono,06051,2011,,,,,,,,,,,,,,,
CA,06,Mono,06051,2012,,,,,,,,,,,,,,,
CA,06,Mono,06051,2013,,,5408572000.0,5408572000.0,,,,,,,,,,,
CA,06,Mono,06051,2014,,,5519041000.0,5519041000.0,,,,,,,,,,,
CA,06,Mono,06051,2015,,,5638338000.0,5638338000.0,,,,,,,,,,,
CA,06,Mono,06051,2016,,,5761943000.0,5761943000.0,,,,,,,,,,,
CA,06,Mono,06051,2017,,,5892484000.0,5892484000.0,,,,,,,,,,,
CA,06,Mono,06051,2018,,,6143783000.0,6143783000.0,,,,,,,,,,,
CA,06,Mono,06051,2019,,,6515012000.0,6515012000.0,,,,,,,,,,,
CA,06,Mono,06051,2020,,,6851509000.0,6851509000.0,,,,,,,,,,,
CA,06,Mono,06051,2021,,,7205363000.0,7205363000.0,,,,,,,,,,,
CA,06,Mono,06051,2022,,,7905648000.0,7905648000.0,,,,,,,,,,,
CA,06,Monterey,06053,2000,,,,,,,,,,,,,,,
CA,06,Monterey,06053,2001,,,,,,,,,,,,,,,
CA,06,Monterey,06053,2002,,,34002658000.0,34002658000.0,,,,,,,,,,,
CA,06,Monterey,06053,2003,,,,,,,,,,,,,,,
CA,06,Monterey,06053,2004,,,,,,,,,,,,,,,
CA,06,Monterey,06053,2005,,,,,,,,,,,,,,,
CA,06,Monterey,06053,2006,,,,,,,,,,,,,,,
CA,06,Monterey,06053,2007,,,,,,,,,,,,,,,
CA,06,Monterey,06053,2008,,,,,,,,,,,,,,,
CA,06,Monterey,06053,2009,,,,,,,,,,,,,,,
CA,06,Monterey,06053,2010,,,,,,,,,,,,,,,
CA,06,Monterey,06053,2011,,,,,,,,,,,,,,,
CA,06,Monterey,06053,2012,,,,,,,,,,,,,,,
CA,06,Monterey,06053,2013,,,51545197000.0,51545197000.0,,,,,,,,,,,
CA,06,Monterey,06053,2014,,,54464161000.0,54464161000.0,,,,,,,,,,,
CA,06,Monterey,06053,2015,,,57704645000.0,57704645000.0,,,,,,,,,,,
CA,06,Monterey,06053,2016,,,60286247000.0,60286247000.0,,,,,,,,,,,
CA,06,Monterey,06053,2017,,,63641334000.0,63641334000.0,,,,,,,,,,,
CA,06,Monterey,06053,2018,,,67673988000.0,67673988000.0,,,,,,,,,,,
CA,06,Monterey,06053,2019,,,72170517000.0,72170517000.0,,,,,,,,,,,
CA,06,Monterey,06053,2020,,,75002504000.0,75002504000.0,,,,,,,,,,,
CA,06,Monterey,06053,2021,,,77948394000.0,77948394000.0,,,,,,,,,,,
CA,06,Monterey,06053,2022,,,84395234000.0,84395234000.0,,,,,,,,,,,
CA,06,Napa,06055,2000,,,,,,,,,,,,,,,
CA,06,Napa,06055,2001,,,,,,,,,,,,,,,
CA,06,Napa,06055,2002,,,15817597000.0,15817597000.0,,,,,,,,,,,
CA,06,Napa,06055,2003,,,,,,,,,,,,,,,
CA,06,Napa,06055,2004,,,,,,,,,,,,,,,
CA,06,Napa,06055,2005,,,,,,,,,,,,,,,
CA,06,Napa,06055,2006,,,,,,,,,,,,,,,
CA,06,Napa,06055,2007,,,,,,,,,,,,,,,
CA,06,Napa,06055,2008,,,,,,,,,,,,,,,
CA,06,Napa,06055,2009,,,,,,,,,,,,,,,
CA,06,Napa,06055,2010,,,,,,,,,,,,,,,
CA,06,Napa,06055,2011,,,,,,,,,,,,,,,
CA,06,Napa,06055,2012,,,,,,,,,,,,,,,
CA,06,Napa,06055,2013,,,29745721000.0,29745721000.0,,,,,,,,,,,
CA,06,Napa,06055,2014,,,31036001000.0,31036001000.0,,,,,,,,,,,
CA,06,Napa,06055,2015,,,33023460000.0,33023460000.0,,,,,,,,,,,
CA,06,Napa,06055,2016,,,35344870000.0,35344870000.0,,,,,,,,,,,
CA,06,Napa,06055,2017,,,37782612000.0,37782612000.0,,,,,,,,,,,
CA,06,Napa,06055,2018,,,39667182000.0,39667182000.0,,,,,,,,,,,
CA,06,Napa,06055,2019,,,42248683000.0,42248683000.0,,,,,,,,,,,
CA,06,Napa,06055,2020,,,44483107000.0,44483107000.0,,,,,,,,,,,
CA,06,Napa,06055,2021,,,46080944000.0,46080944000.0,,,,,,,,,,,
CA,06,Napa,06055,2022,,,49338766000.0,49338766000.0,,,,,,,,,,,
CA,06,Nevada,06057,2000,,,,,,,,,,,,,,,
CA,06,Nevada,06057,2001,,,,,,,,,,,,,,,
CA,06,Nevada,06057,2002,,,9684447000.0,9684447000.0,,,,,,,,,,,
CA,06,Nevada,06057,2003,,,,,,,,,,,,,,,
CA,06,Nevada,06057,2004,,,,,,,,,,,,,,,
CA,06,Nevada,06057,2005,,,,,,,,,,,,,,,
CA,06,Nevada,06057,2006,,,,,,,,,,,,,,,
CA,06,Nevada,06057,2007,,,,,,,,,,,,,,,
CA,06,Nevada,06057,2008,,,,,,,,,,,,,,,
CA,06,Nevada,06057,2009,,,,,,,,,,,,,,,
CA,06,Nevada,06057,2010,,,,,,,,,,,,,,,
CA,06,Nevada,06057,2011,,,,,,,,,,,,,,,
CA,06,Nevada,06057,2012,,,,,,,,,,,,,,,
CA,06,Nevada,06057,2013,,,15400093000.0,15400093000.0,,,,,,,,,,,
CA,06,Nevada,06057,2014,,,16176214000.0,16176214000.0,,,,,,,,,,,
CA,06,Nevada,06057,2015,,,17029342000.0,17029342000.0,,,,,,,,,,,
CA,06,Nevada,06057,2016,,,17832601000.0,17832601000.0,,,,,,,,,,,
CA,06,Nevada,06057,2017,,,18894037000.0,18894037000.0,,,,,,,,,,,
CA,06,Nevada,06057,2018,,,20090021000.0,20090021000.0,,,,,,,,,,,
CA,06,Nevada,06057,2019,,,20955933000.0,20955933000.0,,,,,,,,,,,
CA,06,Nevada,06057,2020,,,21903098000.0,21903098000.0,,,,,,,,,,,
CA,06,Nevada,06057,2021,,,23164759000.0,23164759000.0,,,,,,,,,,,
CA,06,Nevada,06057,2022,,,24818543000.0,24818543000.0,,,,,,,,,,,
CA,06,Orange,06059,2000,,,,,,,,,,,,,,,
CA,06,Orange,06059,2001,,,,,,,,,,,,,,,
CA,06,Orange,06059,2002,,,270120138000.0,270120138000.0,,,,,,,,,,,
CA,06,Orange,06059,2003,,,,,,,,,,,,,,,
CA,06,Orange,06059,2004,,,,,,,,,,,,,,,
CA,06,Orange,06059,2005,,,,,,,,,,,,,,,
CA,06,Orange,06059,2006,,,,,,,,,,,,,,,
CA,06,Orange,06059,2007,,,,,,,,,,,,,,,
CA,06,Orange,06059,2008,,,,,,,,,,,,,,,
CA,06,Orange,06059,2009,,,,,,,,,,,,,,,
CA,06,Orange,06059,2010,,,,,,,,,,,,,,,
CA,06,Orange,06059,2011,,,,,,,,,,,,,,,
CA,06,Orange,06059,2012,,,,,,,,,,,,,,,
CA,06,Orange,06059,2013,,,448177724000.0,448177724000.0,,,,,,,,,,,
CA,06,Orange,06059,2014,,,476830276000.0,476830276000.0,,,,,,,,,,,
CA,06,Orange,06059,2015,,,510832512000.0,510832512000.0,,,,,,,,,,,
CA,06,Orange,06059,2016,,,531699964000.0,531699964000.0,,,,,,,,,,,
CA,06,Orange,06059,2017,,,564233135000.0,564233135000.0,,,,,,,,,,,
CA,06,Orange,06059,2018,,,599698760000.0,599698760000.0,,,,,,,,,,,
CA,06,Orange,06059,2019,,,634112402000.0,634112402000.0,,,,,,,,,,,
CA,06,Orange,06059,2020,,,664040370000.0,664040370000.0,,,,,,,,,,,
CA,06,Orange,06059,2021,,,689711700000.0,689711700000.0,,,,,,,,,,,
CA,06,Orange,06059,2022,,,734355757000.0,734355757000.0,,,,,,,,,,,
CA,06,Placer,06061,2000,,,,,,,,,,,,,,,
CA,06,Placer,06061,2001,,,,,,,,,,,,,,,
CA,06,Placer,06061,2002,,,31790138000.0,31790138000.0,,,,,,,,,,,
CA,06,Placer,06061,2003,,,,,,,,,,,,,,,
CA,06,Placer,06061,2004,,,,,,,,,,,,,,,
CA,06,Placer,06061,2005,,,,,,,,,,,,,,,
CA,06,Placer,06061,2006,,,,,,,,,,,,,,,
CA,06,Placer,06061,2007,,,,,,,,,,,,,,,
CA,06,Placer,06061,2008,,,,,,,,,,,,,,,
CA,06,Placer,06061,2009,,,,,,,,,,,,,,,
CA,06,Placer,06061,2010,,,,,,,,,,,,,,,
CA,06,Placer,06061,2011,,,,,,,,,,,,,,,
CA,06,Placer,06061,2012,,,,,,,,,,,,,,,
CA,06,Placer,06061,2013,,,56054646000.0,56054646000.0,,,,,,,,,,,
CA,06,Placer,06061,2014,,,59943232000.0,59943232000.0,,,,,,,,,,,
CA,06,Placer,06061,2015,,,65219304000.0,65219304000.0,,,,,,,,,,,
CA,06,Placer,06061,2016,,,68682973000.0,68682973000.0,,,,,,,,,,,
CA,06,Placer,06061,2017,,,72515950000.0,72515950000.0,,,,,,,,,,,
CA,06,Placer,06061,2018,,,77277372000.0,77277372000.0,,,,,,,,,,,
CA,06,Placer,06061,2019,,,82032253000.0,82032253000.0,,,,,,,,,,,
CA,06,Placer,06061,2020,,,86382366000.0,86382366000.0,,,,,,,,,,,
CA,06,Placer,06061,2021,,,91439654000.0,91439654000.0,,,,,,,,,,,
CA,06,Placer,06061,2022,,,99760260000.0,99760260000.0,,,,,,,,,,,
CA,06,Plumas,06063,2000,,,,,,,,,,,,,,,
CA,06,Plumas,06063,2001,,,,,,,,,,,,,,,
CA,06,Plumas,06063,2002,,,2495852000.0,2495852000.0,,,,,,,,,,,
CA,06,Plumas,06063,2003,,,,,,,,,,,,,,,
CA,06,Plumas,06063,2004,,,,,,,,,,,,,,,
CA,06,Plumas,06063,2005,,,,,,,,,,,,,,,
CA,06,Plumas,06063,2006,,,,,,,,,,,,,,,
CA,06,Plumas,06063,2007,,,,,,,,,,,,,,,
CA,06,Plumas,06063,2008,,,,,,,,,,,,,,,
CA,06,Plumas,06063,2009,,,,,,,,,,,,,,,
CA,06,Plumas,06063,2010,,,,,,,,,,,,,,,
CA,06,Plumas,06063,2011,,,,,,,,,,,,,,,
CA,06,Plumas,06063,2012,,,,,,,,,,,,,,,
CA,06,Plumas,06063,2013,,,3679299000.0,3679299000.0,,,,,,,,,,,
CA,06,Plumas,06063,2014,,,3744820000.0,3744820000.0,,,,,,,,,,,
CA,06,Plumas,06063,2015,,,3879450000.0,3879450000.0,,,,,,,,,,,
CA,06,Plumas,06063,2016,,,3979608000.0,3979608000.0,,,,,,,,,,,
CA,06,Plumas,06063,2017,,,4143215000.0,4143215000.0,,,,,,,,,,,
CA,06,Plumas,06063,2018,,,4367772000.0,4367772000.0,,,,,,,,,,,
CA,06,Plumas,06063,2019,,,4519953000.0,4519953000.0,,,,,,,,,,,
CA,06,Plumas,06063,2020,,,4693177000.0,4693177000.0,,,,,,,,,,,
CA,06,Plumas,06063,2021,,,5016720000.0,5016720000.0,,,,,,,,,,,
CA,06,Plumas,06063,2022,,,5256410000.0,5256410000.0,,,,,,,,,,,
CA,06,Riverside,06065,2000,,,,,,,,,,,,,,,
CA,06,Riverside,06065,2001,,,,,,,,,,,,,,,
CA,06,Riverside,06065,2002,,,110023705000.0,110023705000.0,,,,,,,,,,,
CA,06,Riverside,06065,2003,,,,,,,,,,,,,,,
CA,06,Riverside,06065,2004,,,,,,,,,,,,,,,
CA,06,Riverside,06065,2005,,,,,,,,,,,,,,,
CA,06,Riverside,06065,2006,,,,,,,,,,,,,,,
CA,06,Riverside,06065,2007,,,,,,,,,,,,,,,
CA,06,Riverside,06065,2008,,,,,,,,,,,,,,,
CA,06,Riverside,06065,2009,,,,,,,,,,,,,,,
CA,06,Riverside,06065,2010,,,,,,,,,,,,,,,
CA,06,Riverside,06065,2011,,,,,,,,,,,,,,,
CA,06,Riverside,06065,2012,,,,,,,,,,,,,,,
CA,06,Riverside,06065,2013,,,212845801000.0,212845801000.0,,,,,,,,,,,
CA,06,Riverside,06065,2014,,,230328053000.0,230328053000.0,,,,,,,,,,,
CA,06,Riverside,06065,2015,,,243014891000.0,243014891000.0,,,,,,,,,,,
CA,06,Riverside,06065,2016,,,255731641000.0,255731641000.0,,,,,,,,,,,
CA,06,Riverside,06065,2017,,,268989241000.0,268989241000.0,,,,,,,,,,,
CA,06,Riverside,06065,2018,,,285339929000.0,285339929000.0,,,,,,,,,,,
CA,06,Riverside,06065,2019,,,301989278000.0,301989278000.0,,,,,,,,,,,
CA,06,Riverside,06065,2020,,,319585502000.0,319585502000.0,,,,,,,,,,,
CA,06,Riverside,06065,2021,,,337060265000.0,337060265000.0,,,,,,,,,,,
CA,06,Riverside,06065,2022,,,369295234000.0,369295234000.0,,,,,,,,,,,
CA,06,Sacramento,06067,2000,,,,,,,,,,,,,,,
CA,06,Sacramento,06067,2001,,,,,,,,,,,,,,,
CA,06,Sacramento,06067,2002,,,77468267000.0,77468267000.0,,,,,,,,,,,
CA,06,Sacramento,06067,2003,,,,,,,,,,,,,,,
CA,06,Sacramento,06067,2004,,,,,,,,,,,,,,,
CA,06,Sacramento,06067,2005,,,,,,,,,,,,,,,
CA,06,Sacramento,06067,2006,,,,,,,,,,,,,,,
CA,06,Sacramento,06067,2007,,,,,,,,,,,,,,,
CA,06,Sacramento,06067,2008,,,,,,,,,,,,,,,
CA,06,Sacramento,06067,2009,,,,,,,,,,,,,,,
CA,06,Sacramento,06067,2010,,,,,,,,,,,,,,,
CA,06,Sacramento,06067,2011,,,,,,,,,,,,,,,
CA,06,Sacramento,06067,2012,,,,,,,,,,,,,,,
CA,06,Sacramento,06067,2013,,,122436597000.0,122436597000.0,,,,,,,,,,,
CA,06,Sacramento,06067,2014,,,130258184000.0,130258184000.0,,,,,,,,,,,
CA,06,Sacramento,06067,2015,,,136265062000.0,136265062000.0,,,,,,,,,,,
CA,06,Sacramento,06067,2016,,,143730579000.0,143730579000.0,,,,,,,,,,,
CA,06,Sacramento,06067,2017,,,152714898000.0,152714898000.0,,,,,,,,,,,
CA,06,Sacramento,06067,2018,,,163486029000.0,163486029000.0,,,,,,,,,,,
CA,06,Sacramento,06067,2019,,,173387401000.0,173387401000.0,,,,,,,,,,,
CA,06,Sacramento,06067,2020,,,183423431000.0,183423431000.0,,,,,,,,,,,
CA,06,Sacramento,06067,2021,,,193154606000.0,193154606000.0,,,,,,,,,,,
CA,06,Sacramento,06067,2022,,,208621060000.0,208621060000.0,,,,,,,,,,,
CA,06,San Benito,06069,2000,,,,,,,,,,,,,,,
CA,06,San Benito,06069,2001,,,,,,,,,,,,,,,
CA,06,San Benito,06069,2002,,,4674770000.0,4674770000.0,,,,,,,,,,,
CA,06,San Benito,06069,2003,,,,,,,,,,,,,,,
CA,06,San Benito,06069,2004,,,,,,,,,,,,,,,
CA,06,San Benito,06069,2005,,,,,,,,,,,,,,,
CA,06,San Benito,06069,2006,,,,,,,,,,,,,,,
CA,06,San Benito,06069,2007,,,,,,,,,,,,,,,
CA,06,San Benito,06069,2008,,,,,,,,,,,,,,,
CA,06,San Benito,06069,2009,,,,,,,,,,,,,,,
CA,06,San Benito,06069,2010,,,,,,,,,,,,,,,
CA,06,San Benito,06069,2011,,,,,,,,,,,,,,,
CA,06,San Benito,06069,2012,,,,,,,,,,,,,,,
CA,06,San Benito,06069,2013,,,6011635000.0,6011635000.0,,,,,,,,,,,
CA,06,San Benito,06069,2014,,,6491493000.0,6491493000.0,,,,,,,,,,,
CA,06,San Benito,06069,2015,,,6918739000.0,6918739000.0,,,,,,,,,,,
CA,06,San Benito,06069,2016,,,7420182000.0,7420182000.0,,,,,,,,,,,
CA,06,San Benito,06069,2017,,,7994470000.0,7994470000.0,,,,,,,,,,,
CA,06,San Benito,06069,2018,,,8609129000.0,8609129000.0,,,,,,,,,,,
CA,06,San Benito,06069,2019,,,9298448000.0,9298448000.0,,,,,,,,,,,
CA,06,San Benito,06069,2020,,,9929146000.0,9929146000.0,,,,,,,,,,,
CA,06,San Benito,06069,2021,,,10608414000.0,10608414000.0,,,,,,,,,,,
CA,06,San Benito,06069,2022,,,11800369000.0,11800369000.0,,,,,,,,,,,
CA,06,San Bernardino,06071,2000,,,,,,,,,,,,,,,
CA,06,San Bernardino,06071,2001,,,,,,,,,,,,,,,
CA,06,San Bernardino,06071,2002,,,95544356000.0,95544356000.0,,,,,,,,,,,
CA,06,San Bernardino,06071,2003,,,,,,,,,,,,,,,
CA,06,San Bernardino,06071,2004,,,,,,,,,,,,,,,
CA,06,San Bernardino,06071,2005,,,,,,,,,,,,,,,
CA,06,San Bernardino,06071,2006,,,,,,,,,,,,,,,
CA,06,San Bernardino,06071,2007,,,,,,,,,,,,,,,
CA,06,San Bernardino,06071,2008,,,,,,,,,,,,,,,
CA,06,San Bernardino,06071,2009,,,,,,,,,,,,,,,
CA,06,San Bernardino,06071,2010,,,,,,,,,,,,,,,
CA,06,San Bernardino,06071,2011,,,,,,,,,,,,,,,
CA,06,San Bernardino,06071,2012,,,,,,,,,,,,,,,
CA,06,San Bernardino,06071,2013,,,173882792000.0,173882792000.0,,,,,,,,,,,
CA,06,San Bernardino,06071,2014,,,184439916000.0,184439916000.0,,,,,,,,,,,
CA,06,San Bernardino,06071,2015,,,194024333000.0,194024333000.0,,,,,,,,,,,
CA,06,San Bernardino,06071,2016,,,202347395000.0,202347395000.0,,,,,,,,,,,
CA,06,San Bernardino,06071,2017,,,213935928000.0,213935928000.0,,,,,,,,,,,
CA,06,San Bernardino,06071,2018,,,229667498000.0,229667498000.0,,,,,,,,,,,
CA,06,San Bernardino,06071,2019,,,244705282000.0,244705282000.0,,,,,,,,,,,
CA,06,San Bernardino,06071,2020,,,258923567000.0,258923567000.0,,,,,,,,,,,
CA,06,San Bernardino,06071,2021,,,274946370000.0,274946370000.0,,,,,,,,,,,
CA,06,San Bernardino,06071,2022,,,300717993000.0,300717993000.0,,,,,,,,,,,
CA,06,San Diego,06073,2000,,,,,,,,,,,,,,,
CA,06,San Diego,06073,2001,,,,,,,,,,,,,,,
CA,06,San Diego,06073,2002,,,234109686000.0,234109686000.0,,,,,,,,,,,
CA,06,San Diego,06073,2003,,,,,,,,,,,,,,,
CA,06,San Diego,06073,2004,,,,,,,,,,,,,,,
CA,06,San Diego,06073,2005,,,,,,,,,,,,,,,
CA,06,San Diego,06073,2006,,,,,,,,,,,,,,,
CA,06,San Diego,06073,2007,,,,,,,,,,,,,,,
CA,06,San Diego,06073,2008,,,,,,,,,,,,,,,
CA,06,San Diego,06073,2009,,,,,,,,,,,,,,,
CA,06,San Diego,06073,2010,,,,,,,,,,,,,,,
CA,06,San Diego,06073,2011,,,,,,,,,,,,,,,
CA,06,San Diego,06073,2012,,,,,,,,,,,,,,,
CA,06,San Diego,06073,2013,,,407189693000.0,407189693000.0,,,,,,,,,,,
CA,06,San Diego,06073,2014,,,430420285000.0,430420285000.0,,,,,,,,,,,
CA,06,San Diego,06073,2015,,,454553625000.0,454553625000.0,,,,,,,,,,,
CA,06,San Diego,06073,2016,,,479089215000.0,479089215000.0,,,,,,,,,,,
CA,06,San Diego,06073,2017,,,508011519000.0,508011519000.0,,,,,,,,,,,
CA,06,San Diego,06073,2018,,,538118519000.0,538118519000.0,,,,,,,,,,,
CA,06,San Diego,06073,2019,,,568365259000.0,568365259000.0,,,,,,,,,,,
CA,06,San Diego,06073,2020,,,599775940000.0,599775940000.0,,,,,,,,,,,
CA,06,San Diego,06073,2021,,,619840068000.0,619840068000.0,,,,,,,,,,,
CA,06,San Diego,06073,2022,,,671983225000.0,671983225000.0,,,,,,,,,,,
CA,06,San Francisco,06075,2000,,,,,,,,,,,,,,,
CA,06,San Francisco,06075,2001,,,,,,,,,,,,,,,
CA,06,San Francisco,06075,2002,,,94401170000.0,94401170000.0,,,,,,,,,,,
CA,06,San Francisco,06075,2003,,,,,,,,,,,,,,,
CA,06,San Francisco,06075,2004,,,,,,,,,,,,,,,
CA,06,San Francisco,06075,2005,,,,,,,,,,,,,,,
CA,06,San Francisco,06075,2006,,,,,,,,,,,,,,,
CA,06,San Francisco,06075,2007,,,,,,,,,,,,,,,
CA,06,San Francisco,06075,2008,,,,,,,,,,,,,,,
CA,06,San Francisco,06075,2009,,,,,,,,,,,,,,,
CA,06,San Francisco,06075,2010,,,,,,,,,,,,,,,
CA,06,San Francisco,06075,2011,,,,,,,,,,,,,,,
CA,06,San Francisco,06075,2012,,,,,,,,,,,,,,,
CA,06,San Francisco,06075,2013,,,173136511000.0,173136511000.0,,,,,,,,,,,
CA,06,San Francisco,06075,2014,,,182457834000.0,182457834000.0,,,,,,,,,,,
CA,06,San Francisco,06075,2015,,,195038607000.0,195038607000.0,,,,,,,,,,,
CA,06,San Francisco,06075,2016,,,212173326000.0,212173326000.0,,,,,,,,,,,
CA,06,San Francisco,06075,2017,,,234980775000.0,234980775000.0,,,,,,,,,,,
CA,06,San Francisco,06075,2018,,,260313975000.0,260313975000.0,,,,,,,,,,,
CA,06,San Francisco,06075,2019,,,281683410000.0,281683410000.0,,,,,,,,,,,
CA,06,San Francisco,06075,2020,,,302011940000.0,302011940000.0,,,,,,,,,,,
CA,06,San Francisco,06075,2021,,,312720142000.0,312720142000.0,,,,,,,,,,,
CA,06,San Francisco,06075,2022,,,329383229000.0,329383229000.0,,,,,,,,,,,
CA,06,San Joaquin,06077,2000,,,,,,,,,,,,,,,
CA,06,San Joaquin,06077,2001,,,,,,,,,,,,,,,
CA,06,San Joaquin,06077,2002,,,36025189000.0,36025189000.0,,,,,,,,,,,
CA,06,San Joaquin,06077,2003,,,,,,,,,,,,,,,
CA,06,San Joaquin,06077,2004,,,,,,,,,,,,,,,
CA,06,San Joaquin,06077,2005,,,,,,,,,,,,,,,
CA,06,San Joaquin,06077,2006,,,,,,,,,,,,,,,
CA,06,San Joaquin,06077,2007,,,,,,,,,,,,,,,
CA,06,San Joaquin,06077,2008,,,,,,,,,,,,,,,
CA,06,San Joaquin,06077,2009,,,,,,,,,,,,,,,
CA,06,San Joaquin,06077,2010,,,,,,,,,,,,,,,
CA,06,San Joaquin,06077,2011,,,,,,,,,,,,,,,
CA,06,San Joaquin,06077,2012,,,,,,,,,,,,,,,
CA,06,San Joaquin,06077,2013,,,56065126000.0,56065126000.0,,,,,,,,,,,
CA,06,San Joaquin,06077,2014,,,61003932000.0,61003932000.0,,,,,,,,,,,
CA,06,San Joaquin,06077,2015,,,64712343000.0,64712343000.0,,,,,,,,,,,
CA,06,San Joaquin,06077,2016,,,68290011000.0,68290011000.0,,,,,,,,,,,
CA,06,San Joaquin,06077,2017,,,72812364000.0,72812364000.0,,,,,,,,,,,
CA,06,San Joaquin,06077,2018,,,76220126000.0,76220126000.0,,,,,,,,,,,
CA,06,San Joaquin,06077,2019,,,81169966000.0,81169966000.0,,,,,,,,,,,
CA,06,San Joaquin,06077,2020,,,87113054000.0,87113054000.0,,,,,,,,,,,
CA,06,San Joaquin,06077,2021,,,92957554000.0,92957554000.0,,,,,,,,,,,
CA,06,San Joaquin,06077,2022,,,101648557000.0,101648557000.0,,,,,,,,,,,
CA,06,San Luis Obispo,06079,2000,,,,,,,,,,,,,,,
CA,06,San Luis Obispo,06079,2001,,,,,,,,,,,,,,,
CA,06,San Luis Obispo,06079,2002,,,25612531000.0,25612531000.0,,,,,,,,,,,
CA,06,San Luis Obispo,06079,2003,,,,,,,,,,,,,,,
CA,06,San Luis Obispo,06079,2004,,,,,,,,,,,,,,,
CA,06,San Luis Obispo,06079,2005,,,,,,,,,,,,,,,
CA,06,San Luis Obispo,06079,2006,,,,,,,,,,,,,,,
CA,06,San Luis Obispo,06079,2007,,,,,,,,,,,,,,,
CA,06,San Luis Obispo,06079,2008,,,,,,,,,,,,,,,
CA,06,San Luis Obispo,06079,2009,,,,,,,,,,,,,,,
CA,06,San Luis Obispo,06079,2010,,,,,,,,,,,,,,,
CA,06,San Luis Obispo,06079,2011,,,,,,,,,,,,,,,
CA,06,San Luis Obispo,06079,2012,,,,,,,,,,,,,,,
CA,06,San Luis Obispo,06079,2013,,,43382684000.0,43382684000.0,,,,,,,,,,,
CA,06,San Luis Obispo,06079,2014,,,45754741000.0,45754741000.0,,,,,,,,,,,
CA,06,San Luis Obispo,06079,2015,,,48502478000.0,48502478000.0,,,,,,,,,,,
CA,06,San Luis Obispo,06079,2016,,,50978852000.0,50978852000.0,,,,,,,,,,,
CA,06,San Luis Obispo,06079,2017,,,53723060000.0,53723060000.0,,,,,,,,,,,
CA,06,San Luis Obispo,06079,2018,,,56596449000.0,56596449000.0,,,,,,,,,,,
CA,06,San Luis Obispo,06079,2019,,,59783422000.0,59783422000.0,,,,,,,,,,,
CA,06,San Luis Obispo,06079,2020,,,62533286000.0,62533286000.0,,,,,,,,,,,
CA,06,San Luis Obispo,06079,2021,,,65588942000.0,65588942000.0,,,,,,,,,,,
CA,06,San Luis Obispo,06079,2022,,,68699580000.0,68699580000.0,,,,,,,,,,,
CA,06,San Mateo,06081,2000,,,,,,,,,,,,,,,
CA,06,San Mateo,06081,2001,,,,,,,,,,,,,,,
CA,06,San Mateo,06081,2002,,,96639194000.0,96639194000.0,,,,,,,,,,,
CA,06,San Mateo,06081,2003,,,,,,,,,,,,,,,
CA,06,San Mateo,06081,2004,,,,,,,,,,,,,,,
CA,06,San Mateo,06081,2005,,,,,,,,,,,,,,,
CA,06,San Mateo,06081,2006,,,,,,,,,,,,,,,
CA,06,San Mateo,06081,2007,,,,,,,,,,,,,,,
CA,06,San Mateo,06081,2008,,,,,,,,,,,,,,,
CA,06,San Mateo,06081,2009,,,,,,,,,,,,,,,
CA,06,San Mateo,06081,2010,,,,,,,,,,,,,,,
CA,06,San Mateo,06081,2011,,,,,,,,,,,,,,,
CA,06,San Mateo,06081,2012,,,,,,,,,,,,,,,
CA,06,San Mateo,06081,2013,,,158745750000.0,158745750000.0,,,,,,,,,,,
CA,06,San Mateo,06081,2014,,,167519984000.0,167519984000.0,,,,,,,,,,,
CA,06,San Mateo,06081,2015,,,180376266000.0,180376266000.0,,,,,,,,,,,
CA,06,San Mateo,06081,2016,,,193953710000.0,193953710000.0,,,,,,,,,,,
CA,06,San Mateo,06081,2017,,,209090916000.0,209090916000.0,,,,,,,,,,,
CA,06,San Mateo,06081,2018,,,225448729000.0,225448729000.0,,,,,,,,,,,
CA,06,San Mateo,06081,2019,,,241289141000.0,241289141000.0,,,,,,,,,,,
CA,06,San Mateo,06081,2020,,,258083417000.0,258083417000.0,,,,,,,,,,,
CA,06,San Mateo,06081,2021,,,268926940000.0,268926940000.0,,,,,,,,,,,
CA,06,San Mateo,06081,2022,,,291257355000.0,291257355000.0,,,,,,,,,,,
CA,06,Santa Barbara,06083,2000,,,,,,,,,,,,,,,
CA,06,Santa Barbara,06083,2001,,,,,,,,,,,,,,,
CA,06,Santa Barbara,06083,2002,,,38811742000.0,38811742000.0,,,,,,,,,,,
CA,06,Santa Barbara,06083,2003,,,,,,,,,,,,,,,
CA,06,Santa Barbara,06083,2004,,,,,,,,,,,,,,,
CA,06,Santa Barbara,06083,2005,,,,,,,,,,,,,,,
CA,06,Santa Barbara,06083,2006,,,,,,,,,,,,,,,
CA,06,Santa Barbara,06083,2007,,,,,,,,,,,,,,,
CA,06,Santa Barbara,06083,2008,,,,,,,,,,,,,,,
CA,06,Santa Barbara,06083,2009,,,,,,,,,,,,,,,
CA,06,Santa Barbara,06083,2010,,,,,,,,,,,,,,,
CA,06,Santa Barbara,06083,2011,,,,,,,,,,,,,,,
CA,06,Santa Barbara,06083,2012,,,,,,,,,,,,,,,
CA,06,Santa Barbara,06083,2013,,,66230875000.0,66230875000.0,,,,,,,,,,,
CA,06,Santa Barbara,06083,2014,,,71903158000.0,71903158000.0,,,,,,,,,,,
CA,06,Santa Barbara,06083,2015,,,73059235000.0,73059235000.0,,,,,,,,,,,
CA,06,Santa Barbara,06083,2016,,,75988680000.0,75988680000.0,,,,,,,,,,,
CA,06,Santa Barbara,06083,2017,,,80048585000.0,80048585000.0,,,,,,,,,,,
CA,06,Santa Barbara,06083,2018,,,83918360000.0,83918360000.0,,,,,,,,,,,
CA,06,Santa Barbara,06083,2019,,,88066642000.0,88066642000.0,,,,,,,,,,,
CA,06,Santa Barbara,06083,2020,,,92522256000.0,92522256000.0,,,,,,,,,,,
CA,06,Santa Barbara,06083,2021,,,95987519000.0,95987519000.0,,,,,,,,,,,
CA,06,Santa Barbara,06083,2022,,,103555862000.0,103555862000.0,,,,,,,,,,,
CA,06,Santa Clara,06085,2000,,,,,,,,,,,,,,,
CA,06,Santa Clara,06085,2001,,,,,,,,,,,,,,,
CA,06,Santa Clara,06085,2002,,,214392476000.0,214392476000.0,,,,,,,,,,,
CA,06,Santa Clara,06085,2003,,,,,,,,,,,,,,,
CA,06,Santa Clara,06085,2004,,,,,,,,,,,,,,,
CA,06,Santa Clara,06085,2005,,,,,,,,,,,,,,,
CA,06,Santa Clara,06085,2006,,,,,,,,,,,,,,,
CA,06,Santa Clara,06085,2007,,,,,,,,,,,,,,,
CA,06,Santa Clara,06085,2008,,,,,,,,,,,,,,,
CA,06,Santa Clara,06085,2009,,,,,,,,,,,,,,,
CA,06,Santa Clara,06085,2010,,,,,,,,,,,,,,,
CA,06,Santa Clara,06085,2011,,,,,,,,,,,,,,,
CA,06,Santa Clara,06085,2012,,,,,,,,,,,,,,,
CA,06,Santa Clara,06085,2013,,,338298185000.0,338298185000.0,,,,,,,,,,,
CA,06,Santa Clara,06085,2014,,,361244213000.0,361244213000.0,,,,,,,,,,,
CA,06,Santa Clara,06085,2015,,,392553479000.0,392553479000.0,,,,,,,,,,,
CA,06,Santa Clara,06085,2016,,,423479555000.0,423479555000.0,,,,,,,,,,,
CA,06,Santa Clara,06085,2017,,,454487291000.0,454487291000.0,,,,,,,,,,,
CA,06,Santa Clara,06085,2018,,,487881018000.0,487881018000.0,,,,,,,,,,,
CA,06,Santa Clara,06085,2019,,,520483652000.0,520483652000.0,,,,,,,,,,,
CA,06,Santa Clara,06085,2020,,,556065360000.0,556065360000.0,,,,,,,,,,,
CA,06,Santa Clara,06085,2021,,,581647131000.0,581647131000.0,,,,,,,,,,,
CA,06,Santa Clara,06085,2022,,,624976090000.0,624976090000.0,,,,,,,,,,,
CA,06,Santa Cruz,06087,2000,,,,,,,,,,,,,,,
CA,06,Santa Cruz,06087,2001,,,,,,,,,,,,,,,
CA,06,Santa Cruz,06087,2002,,,22914308000.0,22914308000.0,,,,,,,,,,,
CA,06,Santa Cruz,06087,2003,,,,,,,,,,,,,,,
CA,06,Santa Cruz,06087,2004,,,,,,,,,,,,,,,
CA,06,Santa Cruz,06087,2005,,,,,,,,,,,,,,,
CA,06,Santa Cruz,06087,2006,,,,,,,,,,,,,,,
CA,06,Santa Cruz,06087,2007,,,,,,,,,,,,,,,
CA,06,Santa Cruz,06087,2008,,,,,,,,,,,,,,,
CA,06,Santa Cruz,06087,2009,,,,,,,,,,,,,,,
CA,06,Santa Cruz,06087,2010,,,,,,,,,,,,,,,
CA,06,Santa Cruz,06087,2011,,,,,,,,,,,,,,,
CA,06,Santa Cruz,06087,2012,,,,,,,,,,,,,,,
CA,06,Santa Cruz,06087,2013,,,34390070000.0,34390070000.0,,,,,,,,,,,
CA,06,Santa Cruz,06087,2014,,,36819700000.0,36819700000.0,,,,,,,,,,,
CA,06,Santa Cruz,06087,2015,,,39194933000.0,39194933000.0,,,,,,,,,,,
CA,06,Santa Cruz,06087,2016,,,41172749000.0,41172749000.0,,,,,,,,,,,
CA,06,Santa Cruz,06087,2017,,,43545345000.0,43545345000.0,,,,,,,,,,,
CA,06,Santa Cruz,06087,2018,,,46247619000.0,46247619000.0,,,,,,,,,,,
CA,06,Santa Cruz,06087,2019,,,48641475000.0,48641475000.0,,,,,,,,,,,
CA,06,Santa Cruz,06087,2020,,,50886566000.0,50886566000.0,,,,,,,,,,,
CA,06,Santa Cruz,06087,2021,,,52712579000.0,52712579000.0,,,,,,,,,,,
CA,06,Santa Cruz,06087,2022,,,56041400000.0,56041400000.0,,,,,,,,,,,
CA,06,Shasta,06089,2000,,,,,,,,,,,,,,,
CA,06,Shasta,06089,2001,,,,,,,,,,,,,,,
CA,06,Shasta,06089,2002,,,10291062000.0,10291062000.0,,,,,,,,,,,
CA,06,Shasta,06089,2003,,,,,,,,,,,,,,,
CA,06,Shasta,06089,2004,,,,,,,,,,,,,,,
CA,06,Shasta,06089,2005,,,,,,,,,,,,,,,
CA,06,Shasta,06089,2006,,,,,,,,,,,,,,,
CA,06,Shasta,06089,2007,,,,,,,,,,,,,,,
CA,06,Shasta,06089,2008,,,,,,,,,,,,,,,
CA,06,Shasta,06089,2009,,,,,,,,,,,,,,,
CA,06,Shasta,06089,2010,,,,,,,,,,,,,,,
CA,06,Shasta,06089,2011,,,,,,,,,,,,,,,
CA,06,Shasta,06089,2012,,,,,,,,,,,,,,,
CA,06,Shasta,06089,2013,,,15279816000.0,15279816000.0,,,,,,,,,,,
CA,06,Shasta,06089,2014,,,15818273000.0,15818273000.0,,,,,,,,,,,
CA,06,Shasta,06089,2015,,,16485213000.0,16485213000.0,,,,,,,,,,,
CA,06,Shasta,06089,2016,,,17273356000.0,17273356000.0,,,,,,,,,,,
CA,06,Shasta,06089,2017,,,17999510000.0,17999510000.0,,,,,,,,,,,
CA,06,Shasta,06089,2018,,,18858566000.0,18858566000.0,,,,,,,,,,,
CA,06,Shasta,06089,2019,,,19544152000.0,19544152000.0,,,,,,,,,,,
CA,06,Shasta,06089,2020,,,20558676000.0,20558676000.0,,,,,,,,,,,
CA,06,Shasta,06089,2021,,,21679543000.0,21679543000.0,,,,,,,,,,,
CA,06,Shasta,06089,2022,,,23305074000.0,23305074000.0,,,,,,,,,,,
CA,06,Sierra,06091,2000,,,,,,,,,,,,,,,
CA,06,Sierra,06091,2001,,,,,,,,,,,,,,,
CA,06,Sierra,06091,2002,,,421929000.0,421929000.0,,,,,,,,,,,
CA,06,Sierra,06091,2003,,,,,,,,,,,,,,,
CA,06,Sierra,06091,2004,,,,,,,,,,,,,,,
CA,06,Sierra,06091,2005,,,,,,,,,,,,,,,
CA,06,Sierra,06091,2006,,,,,,,,,,,,,,,
CA,06,Sierra,06091,2007,,,,,,,,,,,,,,,
CA,06,Sierra,06091,2008,,,,,,,,,,,,,,,
CA,06,Sierra,06091,2009,,,,,,,,,,,,,,,
CA,06,Sierra,06091,2010,,,,,,,,,,,,,,,
CA,06,Sierra,06091,2011,,,,,,,,,,,,,,,
CA,06,Sierra,06091,2012,,,,,,,,,,,,,,,
CA,06,Sierra,06091,2013,,,554060000.0,554060000.0,,,,,,,,,,,
CA,06,Sierra,06091,2014,,,548603000.0,548603000.0,,,,,,,,,,,
CA,06,Sierra,06091,2015,,,568081000.0,568081000.0,,,,,,,,,,,
CA,06,Sierra,06091,2016,,,582315000.0,582315000.0,,,,,,,,,,,
CA,06,Sierra,06091,2017,,,600908000.0,600908000.0,,,,,,,,,,,
CA,06,Sierra,06091,2018,,,628712000.0,628712000.0,,,,,,,,,,,
CA,06,Sierra,06091,2019,,,645880000.0,645880000.0,,,,,,,,,,,
CA,06,Sierra,06091,2020,,,671536000.0,671536000.0,,,,,,,,,,,
CA,06,Sierra,06091,2021,,,697037000.0,697037000.0,,,,,,,,,,,
CA,06,Sierra,06091,2022,,,737787000.0,737787000.0,,,,,,,,,,,
CA,06,Siskiyou,06093,2000,,,,,,,,,,,,,,,
CA,06,Siskiyou,06093,2001,,,,,,,,,,,,,,,
CA,06,Siskiyou,06093,2002,,,2916002000.0,2916002000.0,,,,,,,,,,,
CA,06,Siskiyou,06093,2003,,,,,,,,,,,,,,,
CA,06,Siskiyou,06093,2004,,,,,,,,,,,,,,,
CA,06,Siskiyou,06093,2005,,,,,,,,,,,,,,,
CA,06,Siskiyou,06093,2006,,,,,,,,,,,,,,,
CA,06,Siskiyou,06093,2007,,,,,,,,,,,,,,,
CA,06,Siskiyou,06093,2008,,,,,,,,,,,,,,,
CA,06,Siskiyou,06093,2009,,,,,,,,,,,,,,,
CA,06,Siskiyou,06093,2010,,,,,,,,,,,,,,,
CA,06,Siskiyou,06093,2011,,,,,,,,,,,,,,,
CA,06,Siskiyou,06093,2012,,,,,,,,,,,,,,,
CA,06,Siskiyou,06093,2013,,,4409963000.0,4409963000.0,,,,,,,,,,,
CA,06,Siskiyou,06093,2014,,,4435762000.0,4435762000.0,,,,,,,,,,,
CA,06,Siskiyou,06093,2015,,,4569338000.0,4569338000.0,,,,,,,,,,,
CA,06,Siskiyou,06093,2016,,,4746278000.0,4746278000.0,,,,,,,,,,,
CA,06,Siskiyou,06093,2017,,,4893630000.0,4893630000.0,,,,,,,,,,,
CA,06,Siskiyou,06093,2018,,,5024189000.0,5024189000.0,,,,,,,,,,,
CA,06,Siskiyou,06093,2019,,,5176870000.0,5176870000.0,,,,,,,,,,,
CA,06,Siskiyou,06093,2020,,,5346676000.0,5346676000.0,,,,,,,,,,,
CA,06,Siskiyou,06093,2021,,,5560180000.0,5560180000.0,,,,,,,,,,,
CA,06,Siskiyou,06093,2022,,,5930821000.0,5930821000.0,,,,,,,,,,,
CA,06,Solano,06095,2000,,,,,,,,,,,,,,,
CA,06,Solano,06095,2001,,,,,,,,,,,,,,,
CA,06,Solano,06095,2002,,,27604261000.0,27604261000.0,,,,,,,,,,,
CA,06,Solano,06095,2003,,,,,,,,,,,,,,,
CA,06,Solano,06095,2004,,,,,,,,,,,,,,,
CA,06,Solano,06095,2005,,,,,,,,,,,,,,,
CA,06,Solano,06095,2006,,,,,,,,,,,,,,,
CA,06,Solano,06095,2007,,,,,,,,,,,,,,,
CA,06,Solano,06095,2008,,,,,,,,,,,,,,,
CA,06,Solano,06095,2009,,,,,,,,,,,,,,,
CA,06,Solano,06095,2010,,,,,,,,,,,,,,,
CA,06,Solano,06095,2011,,,,,,,,,,,,,,,
CA,06,Solano,06095,2012,,,,,,,,,,,,,,,
CA,06,Solano,06095,2013,,,41944234000.0,41944234000.0,,,,,,,,,,,
CA,06,Solano,06095,2014,,,45101284000.0,45101284000.0,,,,,,,,,,,
CA,06,Solano,06095,2015,,,47433572000.0,47433572000.0,,,,,,,,,,,
CA,06,Solano,06095,2016,,,50262746000.0,50262746000.0,,,,,,,,,,,
CA,06,Solano,06095,2017,,,53263462000.0,53263462000.0,,,,,,,,,,,
CA,06,Solano,06095,2018,,,56160509000.0,56160509000.0,,,,,,,,,,,
CA,06,Solano,06095,2019,,,59149378000.0,59149378000.0,,,,,,,,,,,
CA,06,Solano,06095,2020,,,62066913000.0,62066913000.0,,,,,,,,,,,
CA,06,Solano,06095,2021,,,63908196000.0,63908196000.0,,,,,,,,,,,
CA,06,Solano,06095,2022,,,68097677000.0,68097677000.0,,,,,,,,,,,
CA,06,Sonoma,06097,2000,,,,,,,,,,,,,,,
CA,06,Sonoma,06097,2001,,,,,,,,,,,,,,,
CA,06,Sonoma,06097,2002,,,44619527000.0,44619527000.0,,,,,,,,,,,
CA,06,Sonoma,06097,2003,,,,,,,,,,,,,,,
CA,06,Sonoma,06097,2004,,,,,,,,,,,,,,,
CA,06,Sonoma,06097,2005,,,,,,,,,,,,,,,
CA,06,Sonoma,06097,2006,,,,,,,,,,,,,,,
CA,06,Sonoma,06097,2007,,,,,,,,,,,,,,,
CA,06,Sonoma,06097,2008,,,,,,,,,,,,,,,
CA,06,Sonoma,06097,2009,,,,,,,,,,,,,,,
CA,06,Sonoma,06097,2010,,,,,,,,,,,,,,,
CA,06,Sonoma,06097,2011,,,,,,,,,,,,,,,
CA,06,Sonoma,06097,2012,,,,,,,,,,,,,,,
CA,06,Sonoma,06097,2013,,,68176087000.0,68176087000.0,,,,,,,,,,,
CA,06,Sonoma,06097,2014,,,73062351000.0,73062351000.0,,,,,,,,,,,
CA,06,Sonoma,06097,2015,,,78081804000.0,78081804000.0,,,,,,,,,,,
CA,06,Sonoma,06097,2016,,,82627482000.0,82627482000.0,,,,,,,,,,,
CA,06,Sonoma,06097,2017,,,87123162000.0,87123162000.0,,,,,,,,,,,
CA,06,Sonoma,06097,2018,,,90626108000.0,90626108000.0,,,,,,,,,,,
CA,06,Sonoma,06097,2019,,,95809624000.0,95809624000.0,,,,,,,,,,,
CA,06,Sonoma,06097,2020,,,100218306000.0,100218306000.0,,,,,,,,,,,
CA,06,Sonoma,06097,2021,,,103595008000.0,103595008000.0,,,,,,,,,,,
CA,06,Sonoma,06097,2022,,,110258321000.0,110258321000.0,,,,,,,,,,,
CA,06,Stanislaus,06099,2000,,,,,,,,,,,,,,,
CA,06,Stanislaus,06099,2001,,,,,,,,,,,,,,,
CA,06,Stanislaus,06099,2002,,,24669731000.0,24669731000.0,,,,,,,,,,,
CA,06,Stanislaus,06099,2003,,,,,,,,,,,,,,,
CA,06,Stanislaus,06099,2004,,,,,,,,,,,,,,,
CA,06,Stanislaus,06099,2005,,,,,,,,,,,,,,,
CA,06,Stanislaus,06099,2006,,,,,,,,,,,,,,,
CA,06,Stanislaus,06099,2007,,,,,,,,,,,,,,,
CA,06,Stanislaus,06099,2008,,,,,,,,,,,,,,,
CA,06,Stanislaus,06099,2009,,,,,,,,,,,,,,,
CA,06,Stanislaus,06099,2010,,,,,,,,,,,,,,,
CA,06,Stanislaus,06099,2011,,,,,,,,,,,,,,,
CA,06,Stanislaus,06099,2012,,,,,,,,,,,,,,,
CA,06,Stanislaus,06099,2013,,,35600229000.0,35600229000.0,,,,,,,,,,,
CA,06,Stanislaus,06099,2014,,,39675277000.0,39675277000.0,,,,,,,,,,,
CA,06,Stanislaus,06099,2015,,,42354843000.0,42354843000.0,,,,,,,,,,,
CA,06,Stanislaus,06099,2016,,,44827488000.0,44827488000.0,,,,,,,,,,,
CA,06,Stanislaus,06099,2017,,,47385117000.0,47385117000.0,,,,,,,,,,,
CA,06,Stanislaus,06099,2018,,,50135873000.0,50135873000.0,,,,,,,,,,,
CA,06,Stanislaus,06099,2019,,,53072346000.0,53072346000.0,,,,,,,,,,,
CA,06,Stanislaus,06099,2020,,,55702336000.0,55702336000.0,,,,,,,,,,,
CA,06,Stanislaus,06099,2021,,,58341177000.0,58341177000.0,,,,,,,,,,,
CA,06,Stanislaus,06099,2022,,,62310535000.0,62310535000.0,,,,,,,,,,,
CA,06,Sutter,06101,2000,,,,,,,,,,,,,,,
CA,06,Sutter,06101,2001,,,,,,,,,,,,,,,
CA,06,Sutter,06101,2002,,,5318066000.0,5318066000.0,,,,,,,,,,,
CA,06,Sutter,06101,2003,,,,,,,,,,,,,,,
CA,06,Sutter,06101,2004,,,,,,,,,,,,,,,
CA,06,Sutter,06101,2005,,,,,,,,,,,,,,,
CA,06,Sutter,06101,2006,,,,,,,,,,,,,,,
CA,06,Sutter,06101,2007,,,,,,,,,,,,,,,
CA,06,Sutter,06101,2008,,,,,,,,,,,,,,,
CA,06,Sutter,06101,2009,,,,,,,,,,,,,,,
CA,06,Sutter,06101,2010,,,,,,,,,,,,,,,
CA,06,Sutter,06101,2011,,,,,,,,,,,,,,,
CA,06,Sutter,06101,2012,,,,,,,,,,,,,,,
CA,06,Sutter,06101,2013,,,7994009000.0,7994009000.0,,,,,,,,,,,
CA,06,Sutter,06101,2014,,,8364296000.0,8364296000.0,,,,,,,,,,,
CA,06,Sutter,06101,2015,,,8834229000.0,8834229000.0,,,,,,,,,,,
CA,06,Sutter,06101,2016,,,9193487000.0,9193487000.0,,,,,,,,,,,
CA,06,Sutter,06101,2017,,,9629613000.0,9629613000.0,,,,,,,,,,,
CA,06,Sutter,06101,2018,,,9929620000.0,9929620000.0,,,,,,,,,,,
CA,06,Sutter,06101,2019,,,10468848000.0,10468848000.0,,,,,,,,,,,
CA,06,Sutter,06101,2020,,,10929512000.0,10929512000.0,,,,,,,,,,,
CA,06,Sutter,06101,2021,,,11355349000.0,11355349000.0,,,,,,,,,,,
CA,06,Sutter,06101,2022,,,12189493000.0,12189493000.0,,,,,,,,,,,
CA,06,Tehama,06103,2000,,,,,,,,,,,,,,,
CA,06,Tehama,06103,2001,,,,,,,,,,,,,,,
CA,06,Tehama,06103,2002,,,3056272000.0,3056272000.0,,,,,,,,,,,
CA,06,Tehama,06103,2003,,,,,,,,,,,,,,,
CA,06,Tehama,06103,2004,,,,,,,,,,,,,,,
CA,06,Tehama,06103,2005,,,,,,,,,,,,,,,
CA,06,Tehama,06103,2006,,,,,,,,,,,,,,,
CA,06,Tehama,06103,2007,,,,,,,,,,,,,,,
CA,06,Tehama,06103,2008,,,,,,,,,,,,,,,
CA,06,Tehama,06103,2009,,,,,,,,,,,,,,,
CA,06,Tehama,06103,2010,,,,,,,,,,,,,,,
CA,06,Tehama,06103,2011,,,,,,,,,,,,,,,
CA,06,Tehama,06103,2012,,,,,,,,,,,,,,,
CA,06,Tehama,06103,2013,,,4692021000.0,4692021000.0,,,,,,,,,,,
CA,06,Tehama,06103,2014,,,4764710000.0,4764710000.0,,,,,,,,,,,
CA,06,Tehama,06103,2015,,,5074988000.0,5074988000.0,,,,,,,,,,,
CA,06,Tehama,06103,2016,,,5274577000.0,5274577000.0,,,,,,,,,,,
CA,06,Tehama,06103,2017,,,5537014000.0,5537014000.0,,,,,,,,,,,
CA,06,Tehama,06103,2018,,,5901638000.0,5901638000.0,,,,,,,,,,,
CA,06,Tehama,06103,2019,,,6261087000.0,6261087000.0,,,,,,,,,,,
CA,06,Tehama,06103,2020,,,6634661000.0,6634661000.0,,,,,,,,,,,
CA,06,Tehama,06103,2021,,,7055630000.0,7055630000.0,,,,,,,,,,,
CA,06,Tehama,06103,2022,,,7563769000.0,7563769000.0,,,,,,,,,,,
CA,06,Trinity,06105,2000,,,,,,,,,,,,,,,
CA,06,Trinity,06105,2001,,,,,,,,,,,,,,,
CA,06,Trinity,06105,2002,,,772979000.0,772979000.0,,,,,,,,,,,
CA,06,Trinity,06105,2003,,,,,,,,,,,,,,,
CA,06,Trinity,06105,2004,,,,,,,,,,,,,,,
CA,06,Trinity,06105,2005,,,,,,,,,,,,,,,
CA,06,Trinity,06105,2006,,,,,,,,,,,,,,,
CA,06,Trinity,06105,2007,,,,,,,,,,,,,,,
CA,06,Trinity,06105,2008,,,,,,,,,,,,,,,
CA,06,Trinity,06105,2009,,,,,,,,,,,,,,,
CA,06,Trinity,06105,2010,,,,,,,,,,,,,,,
CA,06,Trinity,06105,2011,,,,,,,,,,,,,,,
CA,06,Trinity,06105,2012,,,,,,,,,,,,,,,
CA,06,Trinity,06105,2013,,,1348138000.0,1348138000.0,,,,,,,,,,,
CA,06,Trinity,06105,2014,,,1376125000.0,1376125000.0,,,,,,,,,,,
CA,06,Trinity,06105,2015,,,1442043000.0,1442043000.0,,,,,,,,,,,
CA,06,Trinity,06105,2016,,,1521211000.0,1521211000.0,,,,,,,,,,,
CA,06,Trinity,06105,2017,,,1629484000.0,1629484000.0,,,,,,,,,,,
CA,06,Trinity,06105,2018,,,1696095000.0,1696095000.0,,,,,,,,,,,
CA,06,Trinity,06105,2019,,,1762474000.0,1762474000.0,,,,,,,,,,,
CA,06,Trinity,06105,2020,,,1835839000.0,1835839000.0,,,,,,,,,,,
CA,06,Trinity,06105,2021,,,1947692000.0,1947692000.0,,,,,,,,,,,
CA,06,Trinity,06105,2022,,,2087078000.0,2087078000.0,,,,,,,,,,,
CA,06,Tulare,06107,2000,,,,,,,,,,,,,,,
CA,06,Tulare,06107,2001,,,,,,,,,,,,,,,
CA,06,Tulare,06107,2002,,,17154821000.0,17154821000.0,,,,,,,,,,,
CA,06,Tulare,06107,2003,,,,,,,,,,,,,,,
CA,06,Tulare,06107,2004,,,,,,,,,,,,,,,
CA,06,Tulare,06107,2005,,,,,,,,,,,,,,,
CA,06,Tulare,06107,2006,,,,,,,,,,,,,,,
CA,06,Tulare,06107,2007,,,,,,,,,,,,,,,
CA,06,Tulare,06107,2008,,,,,,,,,,,,,,,
CA,06,Tulare,06107,2009,,,,,,,,,,,,,,,
CA,06,Tulare,06107,2010,,,,,,,,,,,,,,,
CA,06,Tulare,06107,2011,,,,,,,,,,,,,,,
CA,06,Tulare,06107,2012,,,,,,,,,,,,,,,
CA,06,Tulare,06107,2013,,,28679189000.0,28679189000.0,,,,,,,,,,,
CA,06,Tulare,06107,2014,,,30066007000.0,30066007000.0,,,,,,,,,,,
CA,06,Tulare,06107,2015,,,31778339000.0,31778339000.0,,,,,,,,,,,
CA,06,Tulare,06107,2016,,,33294328000.0,33294328000.0,,,,,,,,,,,
CA,06,Tulare,06107,2017,,,34700465000.0,34700465000.0,,,,,,,,,,,
CA,06,Tulare,06107,2018,,,36425463000.0,36425463000.0,,,,,,,,,,,
CA,06,Tulare,06107,2019,,,38237028000.0,38237028000.0,,,,,,,,,,,
CA,06,Tulare,06107,2020,,,40280812000.0,40280812000.0,,,,,,,,,,,
CA,06,Tulare,06107,2021,,,42385132000.0,42385132000.0,,,,,,,,,,,
CA,06,Tulare,06107,2022,,,45382428000.0,45382428000.0,,,,,,,,,,,
CA,06,Tuolumne,06109,2000,,,,,,,,,,,,,,,
CA,06,Tuolumne,06109,2001,,,,,,,,,,,,,,,
CA,06,Tuolumne,06109,2002,,,4147998000.0,4147998000.0,,,,,,,,,,,
CA,06,Tuolumne,06109,2003,,,,,,,,,,,,,,,
CA,06,Tuolumne,06109,2004,,,,,,,,,,,,,,,
CA,06,Tuolumne,06109,2005,,,,,,,,,,,,,,,
CA,06,Tuolumne,06109,2006,,,,,,,,,,,,,,,
CA,06,Tuolumne,06109,2007,,,,,,,,,,,,,,,
CA,06,Tuolumne,06109,2008,,,,,,,,,,,,,,,
CA,06,Tuolumne,06109,2009,,,,,,,,,,,,,,,
CA,06,Tuolumne,06109,2010,,,,,,,,,,,,,,,
CA,06,Tuolumne,06109,2011,,,,,,,,,,,,,,,
CA,06,Tuolumne,06109,2012,,,,,,,,,,,,,,,
CA,06,Tuolumne,06109,2013,,,6167077000.0,6167077000.0,,,,,,,,,,,
CA,06,Tuolumne,06109,2014,,,6332751000.0,6332751000.0,,,,,,,,,,,
CA,06,Tuolumne,06109,2015,,,6663432000.0,6663432000.0,,,,,,,,,,,
CA,06,Tuolumne,06109,2016,,,6919063000.0,6919063000.0,,,,,,,,,,,
CA,06,Tuolumne,06109,2017,,,7207570000.0,7207570000.0,,,,,,,,,,,
CA,06,Tuolumne,06109,2018,,,7576608000.0,7576608000.0,,,,,,,,,,,
CA,06,Tuolumne,06109,2019,,,7888891000.0,7888891000.0,,,,,,,,,,,
CA,06,Tuolumne,06109,2020,,,8167960000.0,8167960000.0,,,,,,,,,,,
CA,06,Tuolumne,06109,2021,,,8503609000.0,8503609000.0,,,,,,,,,,,
CA,06,Tuolumne,06109,2022,,,9077221000.0,9077221000.0,,,,,,,,,,,
CA,06,Ventura,06111,2000,,,,,,,,,,,,,,,
CA,06,Ventura,06111,2001,,,,,,,,,,,,,,,
CA,06,Ventura,06111,2002,,,66879061000.0,66879061000.0,,,,,,,,,,,
CA,06,Ventura,06111,2003,,,,,,,,,,,,,,,
CA,06,Ventura,06111,2004,,,,,,,,,,,,,,,
CA,06,Ventura,06111,2005,,,,,,,,,,,,,,,
CA,06,Ventura,06111,2006,,,,,,,,,,,,,,,
CA,06,Ventura,06111,2007,,,,,,,,,,,,,,,
CA,06,Ventura,06111,2008,,,,,,,,,,,,,,,
CA,06,Ventura,06111,2009,,,,,,,,,,,,,,,
CA,06,Ventura,06111,2010,,,,,,,,,,,,,,,
CA,06,Ventura,06111,2011,,,,,,,,,,,,,,,
CA,06,Ventura,06111,2012,,,,,,,,,,,,,,,
CA,06,Ventura,06111,2013,,,109517313000.0,109517313000.0,,,,,,,,,,,
CA,06,Ventura,06111,2014,,,115610561000.0,115610561000.0,,,,,,,,,,,
CA,06,Ventura,06111,2015,,,120366098000.0,120366098000.0,,,,,,,,,,,
CA,06,Ventura,06111,2016,,,124892690000.0,124892690000.0,,,,,,,,,,,
CA,06,Ventura,06111,2017,,,130950979000.0,130950979000.0,,,,,,,,,,,
CA,06,Ventura,06111,2018,,,136694503000.0,136694503000.0,,,,,,,,,,,
CA,06,Ventura,06111,2019,,,143094786000.0,143094786000.0,,,,,,,,,,,
CA,06,Ventura,06111,2020,,,148984527000.0,148984527000.0,,,,,,,,,,,
CA,06,Ventura,06111,2021,,,154428003000.0,154428003000.0,,,,,,,,,,,
CA,06,Ventura,06111,2022,,,165671014000.0,165671014000.0,,,,,,,,,,,
CA,06,Yolo,06113,2000,,,,,,,,,,,,,,,
CA,06,Yolo,06113,2001,,,,,,,,,,,,,,,
CA,06,Yolo,06113,2002,,,12405448000.0,12405448000.0,,,,,,,,,,,
CA,06,Yolo,06113,2003,,,,,,,,,,,,,,,
CA,06,Yolo,06113,2004,,,,,,,,,,,,,,,
CA,06,Yolo,06113,2005,,,,,,,,,,,,,,,
CA,06,Yolo,06113,2006,,,,,,,,,,,,,,,
CA,06,Yolo,06113,2007,,,,,,,,,,,,,,,
CA,06,Yolo,06113,2008,,,,,,,,,,,,,,,
CA,06,Yolo,06113,2009,,,,,,,,,,,,,,,
CA,06,Yolo,06113,2010,,,,,,,,,,,,,,,
CA,06,Yolo,06113,2011,,,,,,,,,,,,,,,
CA,06,Yolo,06113,2012,,,,,,,,,,,,,,,
CA,06,Yolo,06113,2013,,,21177293000.0,21177293000.0,,,,,,,,,,,
CA,06,Yolo,06113,2014,,,22545457000.0,22545457000.0,,,,,,,,,,,
CA,06,Yolo,06113,2015,,,24015579000.0,24015579000.0,,,,,,,,,,,
CA,06,Yolo,06113,2016,,,25257804000.0,25257804000.0,,,,,,,,,,,
CA,06,Yolo,06113,2017,,,26577646000.0,26577646000.0,,,,,,,,,,,
CA,06,Yolo,06113,2018,,,28105843000.0,28105843000.0,,,,,,,,,,,
CA,06,Yolo,06113,2019,,,29588174000.0,29588174000.0,,,,,,,,,,,
CA,06,Yolo,06113,2020,,,31066793000.0,31066793000.0,,,,,,,,,,,
CA,06,Yolo,06113,2021,,,32465951000.0,32465951000.0,,,,,,,,,,,
CA,06,Yolo,06113,2022,,,34803911000.0,34803911000.0,,,,,,,,,,,
CA,06,Yuba,06115,2000,,,,,,,,,,,,,,,
CA,06,Yuba,06115,2001,,,,,,,,,,,,,,,
CA,06,Yuba,06115,2002,,,2694295000.0,2694295000.0,,,,,,,,,,,
CA,06,Yuba,06115,2003,,,,,,,,,,,,,,,
CA,06,Yuba,06115,2004,,,,,,,,,,,,,,,
CA,06,Yuba,06115,2005,,,,,,,,,,,,,,,
CA,06,Yuba,06115,2006,,,,,,,,,,,,,,,
CA,06,Yuba,06115,2007,,,,,,,,,,,,,,,
CA,06,Yuba,06115,2008,,,,,,,,,,,,,,,
CA,06,Yuba,06115,2009,,,,,,,,,,,,,,,
CA,06,Yuba,06115,2010,,,,,,,,,,,,,,,
CA,06,Yuba,06115,2011,,,,,,,,,,,,,,,
CA,06,Yuba,06115,2012,,,,,,,,,,,,,,,
CA,06,Yuba,06115,2013,,,4720615000.0,4720615000.0,,,,,,,,,,,
CA,06,Yuba,06115,2014,,,4973308000.0,4973308000.0,,,,,,,,,,,
CA,06,Yuba,06115,2015,,,5193638000.0,5193638000.0,,,,,,,,,,,
CA,06,Yuba,06115,2016,,,5402217000.0,5402217000.0,,,,,,,,,,,
CA,06,Yuba,06115,2017,,,5726077000.0,5726077000.0,,,,,,,,,,,
CA,06,Yuba,06115,2018,,,6083939000.0,6083939000.0,,,,,,,,,,,
CA,06,Yuba,06115,2019,,,6538927000.0,6538927000.0,,,,,,,,,,,
CA,06,Yuba,06115,2020,,,6975322000.0,6975322000.0,,,,,,,,,,,
CA,06,Yuba,06115,2021,,,7563686000.0,7563686000.0,,,,,,,,,,,
CA,06,Yuba,06115,2022,,,8368238000.0,8368238000.0,,,,,,,,,,,
